problem_id,year,outcome,actor_model,reviewer_model,effort,review_rounds,compilations,submissions,actor_turns,continuation_requests,elapsed_seconds,actor_cost_usd,reviewer_cost_usd,total_cost_usd,actor_input_tokens,actor_cache_creation_input_tokens,actor_cache_read_input_tokens,actor_output_tokens,reviewer_input_tokens,reviewer_cache_creation_input_tokens,reviewer_cache_read_input_tokens,reviewer_output_tokens,input_tokens,output_tokens
putnam_1962_a1,1962,reviewed_accepted,Opus 5,Opus 5,xhigh,1,16,1,53,0,2042,5.470900000,1.223102500,6.694002500,100,111332,4189159,90502,24,48678,609755,17253,4959048,107755
putnam_1962_a2,1962,reviewed_accepted,Opus 5,Opus 5,xhigh,1,30,1,79,0,2972,9.324500000,1.513157000,10.837657000,150,167590,8725647,131401,40,46328,1105654,19874,10045409,151275
putnam_1962_a3,1962,reviewed_accepted,Opus 5,Opus 5,xhigh,1,16,1,56,0,2423,5.309300000,1.224107000,6.533407000,102,115358,4177992,82650,26,43732,586614,19734,4923824,102384
putnam_1962_a4,1962,reviewed_accepted,Opus 5,Opus 5,xhigh,1,5,1,31,0,1048,2.028600000,1.062039000,3.090639000,48,51353,1326288,34067,36,32434,765888,14183,2176047,48250
putnam_1962_a5,1962,reviewed_accepted,Opus 5,Opus 5,xhigh,1,1,1,20,0,718,1.195700000,0.612820500,1.808520500,36,36694,691360,19317,22,20965,376071,8601,1125148,27918
putnam_1962_a6,1962,reviewed_accepted,Opus 5,Opus 5,xhigh,1,2,1,13,0,466,0.661100000,0.680002500,1.341102500,22,21249,393148,10079,30,20826,536735,8129,972010,18208
putnam_1962_b1,1962,reviewed_accepted,Opus 5,Opus 5,xhigh,1,1,1,20,0,691,1.292900000,0.602497500,1.895397500,30,37049,542800,26034,24,19865,410605,7937,1010373,33971
putnam_1962_b2,1962,reviewed_accepted,Opus 5,Opus 5,xhigh,1,2,1,14,0,379,0.447400000,0.636624500,1.084024500,24,14769,393316,4119,26,19416,436119,8971,863670,13090
putnam_1962_b3,1962,reviewed_accepted,Opus 5,Opus 5,xhigh,1,4,1,34,0,721,1.658500000,0.951001500,2.609501500,58,40629,1301511,24048,28,28800,516023,16194,1887049,40242
putnam_1962_b5,1962,reviewed_accepted,Opus 5,Opus 5,xhigh,1,7,1,30,0,1416,3.078600000,0.960627500,4.039227500,50,75052,1752183,58070,28,32761,597405,13367,2457479,71437
putnam_1962_b6,1962,reviewed_accepted,Opus 5,Opus 5,xhigh,1,16,1,61,0,2730,10.379200000,1.487425500,11.866625500,114,210754,8038582,170071,34,52639,1021381,18007,9323504,188078
putnam_1963_a2,1963,reviewed_accepted,Opus 5,Opus 5,xhigh,1,3,1,18,0,762,0.933300000,0.853897500,1.787197500,28,26556,564683,15412,32,23928,600815,12562,1216042,27974
putnam_1963_a3,1963,reviewed_accepted,Opus 5,Opus 5,xhigh,1,14,1,61,0,1808,5.515400000,1.453028000,6.968428000,112,111554,4823599,79502,42,41611,1049116,20486,6026034,99988
putnam_1963_a4,1963,reviewed_accepted,Opus 5,Opus 5,xhigh,1,5,1,24,0,837,1.954900000,1.078917000,3.033817000,40,50701,1033708,37235,40,30681,809214,14692,1924384,51927
putnam_1963_a6,1963,reviewed_accepted,Opus 5,Opus 5,xhigh,1,11,1,41,0,2109,4.252800000,1.244098500,5.496898500,74,94660,2801834,76196,32,36426,748557,20216,3681583,96412
putnam_1963_b1,1963,reviewed_accepted,Opus 5,Opus 5,xhigh,1,7,1,26,0,785,1.136600000,0.647520500,1.784120500,44,27909,923791,15814,28,18323,482951,8907,1453046,24721
putnam_1963_b2,1963,reviewed_accepted,Opus 5,Opus 5,xhigh,1,5,1,30,0,1064,1.950100000,0.920584000,2.870684000,52,48700,1244802,33617,36,26898,691598,12225,2012086,45842
putnam_1963_b3,1963,reviewed_accepted,Opus 5,Opus 5,xhigh,1,9,2,35,0,1282,2.982600000,1.076631000,4.059231000,58,71899,1882760,52878,26,37294,579022,16562,2571059,69440
putnam_1963_b5,1963,reviewed_accepted,Opus 5,Opus 5,xhigh,1,4,1,19,0,951,1.288900000,0.883481000,2.172381000,38,33115,830439,21694,26,27574,487722,14550,1378914,36244
putnam_1963_b6,1963,reviewed_accepted,Opus 5,Opus 5,xhigh,1,15,1,52,0,1771,2.784900000,1.047182500,3.832082500,96,57598,2752190,33292,34,31430,692525,15458,3533873,48750
putnam_1964_a1,1964,reviewed_accepted,Opus 5,Opus 5,xhigh,1,15,1,44,0,2982,6.025500000,1.241330500,7.266830500,80,94629,3228639,138580,24,45172,565981,20260,3934525,158840
putnam_1964_a2,1964,reviewed_accepted,Opus 5,Opus 5,xhigh,1,2,1,21,0,631,1.415200000,0.558109500,1.973309500,36,37954,742601,26567,18,18481,303269,8863,1102359,35430
putnam_1964_a3,1964,reviewed_accepted,Opus 5,Opus 5,xhigh,1,3,1,19,0,1169,3.365500000,1.149873500,4.515373500,38,88260,1348041,72348,32,35458,739867,17008,2211696,89356
putnam_1964_a4,1964,reviewed_accepted,Opus 5,Opus 5,xhigh,1,1,1,11,0,420,0.932000000,0.691992000,1.623992000,18,29036,356418,18535,22,23075,400514,10435,809083,28970
putnam_1964_a5,1964,reviewed_accepted,Opus 5,Opus 5,xhigh,1,6,1,29,0,1137,2.381200000,1.182665500,3.563865500,48,59527,1309137,45246,30,35823,660221,19767,2064786,65013
putnam_1964_a6,1964,reviewed_accepted,Opus 5,Opus 5,xhigh,1,6,1,35,0,1222,2.833100000,1.424647000,4.257747000,62,67797,1966613,46861,40,42745,881944,22241,2959201,69102
putnam_1964_b1,1964,reviewed_accepted,Opus 5,Opus 5,xhigh,1,3,1,22,0,461,1.255200000,0.742507500,1.997707500,38,33277,846247,19966,24,23371,423805,11871,1326762,31837
putnam_1964_b2,1964,reviewed_accepted,Opus 5,Opus 5,xhigh,1,2,1,13,0,420,0.602500000,0.686311000,1.288811000,22,19226,391166,8582,22,22411,375532,10973,808379,19555
putnam_1964_b3,1964,reviewed_accepted,Opus 5,Opus 5,xhigh,1,2,1,14,0,640,1.161200000,0.813496500,1.974696500,24,36670,491736,21939,30,25609,571763,10855,1125832,32794
putnam_1964_b4,1964,reviewed_accepted,Opus 5,Opus 5,xhigh,1,23,1,71,0,3135,8.484700000,1.557847500,10.042547500,118,165161,7146066,130379,32,50304,896595,24254,8258276,154633
putnam_1964_b5,1964,reviewed_accepted,Opus 5,Opus 5,xhigh,1,8,1,28,0,928,1.794300000,0.851470500,2.645770500,48,43850,1225870,29705,32,26648,609411,11205,1905859,40910
putnam_1964_b6,1964,reviewed_accepted,Opus 5,Opus 5,xhigh,1,4,1,21,0,1005,2.081900000,1.062219000,3.144119000,36,54215,982937,41926,32,34417,674278,15230,1745915,57156
putnam_1965_a1,1965,reviewed_accepted,Opus 5,Opus 5,xhigh,1,4,1,27,0,1503,2.578500000,1.355240000,3.933740000,46,66778,1227489,51868,34,39580,814840,22074,2148767,73942
putnam_1965_a2,1965,reviewed_accepted,Opus 5,Opus 5,xhigh,1,12,1,42,0,1221,4.297900000,1.420292500,5.718192500,72,97763,2713810,78521,44,40055,1088045,19020,3939789,97541
putnam_1965_a3,1965,reviewed_accepted,Opus 5,Opus 5,xhigh,1,9,1,31,0,1160,2.199100000,0.789336500,2.988436500,56,54588,1538350,35349,28,24374,534113,11136,2151509,46485
putnam_1965_a4,1965,reviewed_accepted,Opus 5,Opus 5,xhigh,1,1,1,12,0,282,0.461200000,0.526962500,0.988162500,20,16089,328520,5439,24,17118,394375,6339,756146,11778
putnam_1965_a5,1965,reviewed_accepted,Opus 5,Opus 5,xhigh,1,10,1,43,0,1329,3.719800000,1.542499500,5.262299500,76,89766,2377257,65325,38,42185,923819,26342,3433141,91667
putnam_1965_a6,1965,reviewed_accepted,Opus 5,Opus 5,xhigh,1,3,1,14,0,472,0.703600000,1.027741500,1.731341500,26,22815,486055,9290,40,29068,790673,13661,1328677,22951
putnam_1965_b1,1965,reviewed_accepted,Opus 5,Opus 5,xhigh,1,8,1,27,0,513,1.532200000,0.716038500,2.248238500,48,41945,1105755,22384,26,21199,471037,10736,1640010,33120
putnam_1965_b2,1965,reviewed_accepted,Opus 5,Opus 5,xhigh,1,4,1,21,0,647,1.002800000,0.957585000,1.960385000,42,25682,821940,13391,38,27007,743050,12632,1617759,26023
putnam_1965_b3,1965,reviewed_accepted,Opus 5,Opus 5,xhigh,1,4,1,17,0,592,0.807100000,0.863010000,1.670110000,30,22504,575158,11773,28,24664,519860,14252,1142244,26025
putnam_1965_b4,1965,reviewed_accepted,Opus 5,Opus 5,xhigh,1,14,1,44,0,1235,4.515100000,1.120684500,5.635784500,72,96533,3130674,79362,32,39907,681659,15225,3948877,94587
putnam_1965_b5,1965,reviewed_accepted,Opus 5,Opus 5,xhigh,1,4,1,22,0,723,1.282000000,2.073804500,3.355804500,34,34796,765470,22047,62,58527,1593599,27657,2452488,49704
putnam_1965_b6,1965,reviewed_accepted,Opus 5,Opus 5,xhigh,1,17,1,56,0,2875,8.564800000,1.466895500,10.031695500,102,182111,6245234,144824,30,45997,758151,25108,7231625,169932
putnam_1966_a1,1966,reviewed_accepted,Opus 5,Opus 5,xhigh,1,1,1,16,0,431,0.929100000,0.721481500,1.650581500,22,28369,403792,17737,28,23177,493193,9719,948581,27456
putnam_1966_a2,1966,reviewed_accepted,Opus 5,Opus 5,xhigh,1,8,1,29,0,1489,3.472600000,1.349332500,4.821932500,50,84484,1750559,70090,28,45889,687805,21856,2568815,91946
putnam_1966_a3,1966,reviewed_accepted,Opus 5,Opus 5,xhigh,1,2,1,20,0,427,0.935000000,1.022631500,1.957631500,26,28069,490716,16354,34,28862,696083,15432,1243790,31786
putnam_1966_a4,1966,reviewed_accepted,Opus 5,Opus 5,xhigh,1,6,1,22,0,1010,1.848000000,1.053721500,2.901721500,38,51334,867009,36037,28,34259,614383,16152,1567051,52189
putnam_1966_a5,1966,reviewed_accepted,Opus 5,Opus 5,xhigh,1,1,1,7,0,250,0.419300000,0.670305000,1.089605000,14,16553,227357,5601,22,22964,378910,10044,645820,15645
putnam_1966_a6,1966,reviewed_accepted,Opus 5,Opus 5,xhigh,1,6,1,25,0,783,2.262100000,1.023125500,3.285225500,42,55728,1260787,42969,34,30998,679001,14939,2026590,57908
putnam_1966_b1,1966,reviewed_accepted,Opus 5,Opus 5,xhigh,1,20,1,58,0,2939,7.897300000,1.278047000,9.175347000,110,154411,6234735,129411,32,41154,798894,18676,7229336,148087
putnam_1966_b2,1966,reviewed_accepted,Opus 5,Opus 5,xhigh,1,7,1,24,0,1105,1.909100000,0.956667000,2.865767000,42,46918,1156024,34469,26,30033,533614,15576,1766657,50045
putnam_1966_b3,1966,reviewed_accepted,Opus 5,Opus 5,xhigh,1,7,1,34,0,1262,3.931200000,1.060382000,4.991582000,62,90742,2370099,73538,32,37023,709334,13413,3207292,86951
putnam_1966_b4,1966,reviewed_accepted,Opus 5,Opus 5,xhigh,1,2,1,17,0,787,0.930600000,0.989939500,1.920539500,24,28162,462434,16705,32,30192,647119,14572,1167963,31277
putnam_1966_b5,1966,reviewed_accepted,Opus 5,Opus 5,xhigh,1,7,1,34,0,2192,5.100300000,1.208474500,6.308774500,58,123175,2651804,101696,28,38687,650479,19849,3464231,121545
putnam_1966_b6,1966,reviewed_accepted,Opus 5,Opus 5,xhigh,1,1,1,14,0,804,0.832400000,0.920898500,1.753298500,20,26148,361714,15597,36,25223,662577,13488,1075718,29085
putnam_1967_a1,1967,reviewed_accepted,Opus 5,Opus 5,xhigh,1,2,1,16,0,603,0.745100000,0.659340500,1.404440500,26,22557,466585,11445,22,22708,376001,9766,887899,21211
putnam_1967_a2,1967,reviewed_accepted,Opus 5,Opus 5,xhigh,1,22,1,80,0,3646,8.416600000,1.669485500,10.086085500,150,152246,8224324,111249,56,43068,1427851,20984,9847695,132233
putnam_1967_a3,1967,reviewed_accepted,Opus 5,Opus 5,xhigh,1,12,1,36,0,1636,2.394400000,0.878957500,3.273357500,72,56343,1848157,36260,24,29440,480125,13775,2414161,50035
putnam_1967_a4,1967,reviewed_accepted,Opus 5,Opus 5,xhigh,1,9,1,40,0,990,3.256300000,1.311671500,4.567971500,68,80846,2170279,54493,38,39462,919423,18286,3210116,72779
putnam_1967_a5,1967,reviewed_accepted,Opus 5,Opus 5,xhigh,1,20,1,76,0,3361,8.363400000,1.186594000,9.549994000,144,161694,7665223,116524,34,40412,807458,15143,8674965,131667
putnam_1967_a6,1967,reviewed_accepted,Opus 5,Opus 5,xhigh,1,19,1,49,0,2855,6.864200000,1.149885500,8.014085500,92,140723,5274800,112763,22,41302,511361,19243,5968300,132006
putnam_1967_b1,1967,reviewed_accepted,Opus 5,Opus 5,xhigh,1,20,1,59,1,4233,9.582800000,1.305073500,10.887873500,106,205920,7172430,157476,44,41376,1091737,13809,8511613,171285
putnam_1967_b2,1967,reviewed_accepted,Opus 5,Opus 5,xhigh,1,2,1,13,0,621,1.056300000,0.757396000,1.813696000,26,29861,566863,18966,28,23378,503852,10862,1124008,29828
putnam_1967_b3,1967,reviewed_accepted,Opus 5,Opus 5,xhigh,1,12,1,40,0,980,2.982500000,1.132211000,4.114711000,68,72227,1920806,51981,32,32792,699862,18168,2725787,70149
putnam_1967_b4,1967,reviewed_accepted,Opus 5,Opus 5,xhigh,1,7,1,34,0,861,2.437700000,1.221560000,3.659260000,60,60591,1460510,44051,42,36253,939690,15559,2497146,59610
putnam_1967_b5,1967,reviewed_accepted,Opus 5,Opus 5,xhigh,1,4,1,17,0,507,1.386300000,0.921020500,2.307320500,30,38027,672879,26778,28,29865,557211,13745,1298040,40523
putnam_1967_b6,1967,reviewed_accepted,Opus 5,Opus 5,xhigh,1,6,1,23,0,643,1.513500000,1.119754500,2.633254500,40,38143,963933,25996,44,30963,911009,14176,1944132,40172
putnam_1968_a1,1968,reviewed_accepted,Opus 5,Opus 5,xhigh,1,1,1,11,0,373,0.524600000,1.144975000,1.669575000,18,17852,304078,7758,52,28329,1044800,13561,1395129,21319
putnam_1968_a2,1968,reviewed_accepted,Opus 5,Opus 5,xhigh,1,5,1,16,0,807,0.902300000,0.719854500,1.622154500,32,27444,625669,12594,28,20964,495949,10484,1170086,23078
putnam_1968_a3,1968,reviewed_accepted,Opus 5,Opus 5,xhigh,1,15,1,52,0,1082,3.584600000,1.146742500,4.731342500,96,73969,3154121,50693,36,36808,767665,15786,4032695,66479
putnam_1968_a4,1968,reviewed_accepted,Opus 5,Opus 5,xhigh,1,5,1,21,0,451,0.960100000,1.005379000,1.965479000,36,26083,694700,14070,42,27187,803198,13268,1551246,27338
putnam_1968_a5,1968,reviewed_accepted,Opus 5,Opus 5,xhigh,1,5,1,16,0,871,0.712800000,0.552601000,1.265401000,32,20438,591534,8499,22,18250,362932,7541,993208,16040
putnam_1968_a6,1968,reviewed_accepted,Opus 5,Opus 5,xhigh,1,22,2,66,0,4958,6.945300000,1.623909000,8.569209000,122,136882,5951771,104000,30,62362,802328,23959,6953495,127959
putnam_1968_b1,1968,reviewed_accepted,Opus 5,Opus 5,xhigh,1,2,1,14,0,919,0.548300000,1.139695500,1.687995500,22,18779,380999,6798,36,32266,712211,18430,1144313,25228
putnam_1968_b2,1968,reviewed_accepted,Opus 5,Opus 5,xhigh,1,2,1,10,0,516,0.471000000,0.578704000,1.049704000,18,16824,297994,6148,26,18817,430208,7012,763887,13160
putnam_1968_b4,1968,reviewed_accepted,Opus 5,Opus 5,xhigh,1,4,1,31,0,801,2.722100000,1.171583500,3.893683500,54,64910,1686868,49170,44,32646,940807,14980,2725329,64150
putnam_1968_b5,1968,reviewed_accepted,Opus 5,Opus 5,xhigh,1,13,1,37,0,720,2.218900000,1.016017500,3.234917500,74,45271,2039292,29848,42,27724,829635,12950,2942038,42798
putnam_1968_b6,1968,reviewed_accepted,Opus 5,Opus 5,xhigh,1,3,1,25,1,1754,1.320200000,0.655669000,1.975869000,38,34780,803199,22828,26,20808,452568,8847,1311419,31675
putnam_1969_a1,1969,reviewed_accepted,Opus 5,Opus 5,xhigh,1,7,1,26,0,789,2.356700000,0.867576000,3.224276000,46,63552,1110233,46634,24,29904,478932,13158,1682691,59792
putnam_1969_a2,1969,reviewed_accepted,Opus 5,Opus 5,xhigh,1,10,1,38,0,3064,3.133500000,1.169082000,4.302582000,68,70264,2120190,54817,36,34626,785734,17191,3010918,72008
putnam_1969_a4,1969,reviewed_accepted,Opus 5,Opus 5,xhigh,1,18,1,60,0,1148,3.926500000,1.554268000,5.480768000,108,82179,3571893,52728,54,43712,1256156,19552,4954102,72280
putnam_1969_a5,1969,reviewed_accepted,Opus 5,Opus 5,xhigh,1,8,1,27,0,746,1.504800000,1.569582500,3.074382500,50,38716,1062437,23446,58,38530,1289085,21578,2428876,45024
putnam_1969_a6,1969,reviewed_accepted,Opus 5,Opus 5,xhigh,1,2,1,18,0,801,1.168100000,0.710708000,1.878808000,28,33256,609629,21223,28,22035,499986,9609,1164962,30832
putnam_1969_b1,1969,reviewed_accepted,Opus 5,Opus 5,xhigh,1,2,1,25,0,387,1.006000000,0.751341500,1.757341500,44,28867,875600,11172,30,22626,548163,10034,1475330,21206
putnam_1969_b2,1969,reviewed_accepted,Opus 5,Opus 5,xhigh,1,5,1,22,0,526,1.071900000,1.036179500,2.108079500,44,26354,879778,14729,28,31606,556859,17662,1494669,32391
putnam_1969_b3,1969,reviewed_accepted,Opus 5,Opus 5,xhigh,1,8,1,30,0,589,1.538600000,0.973661500,2.512261500,54,36796,1183267,23150,46,26067,897523,10560,2143753,33710
putnam_1969_b4,1969,reviewed_accepted,Opus 5,Opus 5,xhigh,1,1,1,7,0,1523,2.487000000,1.616117000,4.103117000,12,83406,324835,59620,32,59421,931144,22247,1398850,81867
putnam_1969_b5,1969,reviewed_accepted,Opus 5,Opus 5,xhigh,1,2,1,15,0,604,1.536200000,1.065902000,2.602102000,26,42897,607267,32137,42,29500,850334,13821,1530066,45958
putnam_1969_b6,1969,reviewed_accepted,Opus 5,Opus 5,xhigh,1,8,1,27,0,2062,2.064900000,1.183355000,3.248255000,54,49325,1347652,35903,34,34375,720370,19170,2151810,55073
putnam_1970_a1,1970,reviewed_accepted,Opus 5,Opus 5,xhigh,1,6,1,40,0,1919,3.140400000,0.745448000,3.885848000,68,83284,1944947,53390,24,25675,453556,10472,2507554,63862
putnam_1970_a2,1970,reviewed_accepted,Opus 5,Opus 5,xhigh,1,3,1,16,0,600,1.978000000,0.692986500,2.670986500,32,51497,909023,40333,22,23834,416723,9847,1401131,50180
putnam_1970_a3,1970,reviewed_accepted,Opus 5,Opus 5,xhigh,1,3,1,17,0,889,1.747100000,1.036829500,2.783929500,30,49426,658586,36936,32,31026,680219,15452,1419319,52388
putnam_1970_a4,1970,reviewed_accepted,Opus 5,Opus 5,xhigh,1,1,1,33,0,856,1.594100000,0.784260000,2.378360000,56,45776,1236231,20716,34,22482,612940,10112,1917519,30828
putnam_1970_b1,1970,reviewed_accepted,Opus 5,Opus 5,xhigh,1,12,1,46,0,1136,3.488600000,1.583185000,5.071785000,80,79937,2563390,56287,44,44783,1135970,22686,3824204,78973
putnam_1970_b2,1970,reviewed_accepted,Opus 5,Opus 5,xhigh,1,8,1,30,0,537,1.360300000,0.879385000,2.239685000,48,34586,996138,20645,32,24451,614030,13108,1669285,33753
putnam_1970_b3,1970,reviewed_accepted,Opus 5,Opus 5,xhigh,1,2,1,14,0,237,0.498800000,0.469283000,0.968083000,24,16006,406543,5415,18,15786,278766,6878,717143,12293
putnam_1970_b4,1970,reviewed_accepted,Opus 5,Opus 5,xhigh,1,8,1,28,0,635,1.863900000,0.781488500,2.645388500,48,45339,1236816,31676,24,24950,452637,12222,1759814,43898
putnam_1970_b5,1970,reviewed_accepted,Opus 5,Opus 5,xhigh,1,2,1,17,0,846,0.953000000,0.309024000,1.262024000,28,27883,542988,16100,8,12691,112498,5033,696096,21133
putnam_1970_b6,1970,reviewed_accepted,Opus 5,Opus 5,xhigh,1,56,1,169,0,7619,34.012000000,2.024416500,36.036416500,328,435715,42269413,340741,76,61224,1907443,18323,44674199,359064
putnam_1971_a1,1971,reviewed_accepted,Opus 5,Opus 5,xhigh,1,3,1,19,0,784,1.019000000,0.619553500,1.638553500,32,28952,643471,16302,26,19997,445507,7868,1137985,24170
putnam_1971_a2,1971,reviewed_accepted,Opus 5,Opus 5,xhigh,1,1,1,12,0,222,0.433600000,0.687459500,1.121059500,18,15645,295275,5176,30,22300,518869,8195,852137,13371
putnam_1971_a3,1971,reviewed_accepted,Opus 5,Opus 5,xhigh,1,7,1,29,0,883,2.803600000,1.088613500,3.892213500,58,64841,1884662,48503,26,36759,587187,17092,2573533,65595
putnam_1971_a4,1971,reviewed_accepted,Opus 5,Opus 5,xhigh,1,12,1,53,0,2695,4.341500000,1.092981500,5.434481500,98,88675,3719642,63776,32,31518,677633,17553,4517598,81329
putnam_1971_a5,1971,reviewed_accepted,Opus 5,Opus 5,xhigh,1,3,1,23,0,924,2.360300000,1.366419500,3.726719500,34,65123,1024666,47864,30,44331,752369,21871,1886553,69735
putnam_1971_a6,1971,reviewed_accepted,Opus 5,Opus 5,xhigh,1,8,1,34,0,2065,2.491900000,0.955896500,3.447796500,58,63585,1592904,42373,26,30041,483313,16548,2169927,58921
putnam_1971_b1,1971,reviewed_accepted,Opus 5,Opus 5,xhigh,1,1,1,7,0,231,0.565200000,0.412125000,0.977325000,14,20029,238153,9832,18,14169,283990,5134,556373,14966
putnam_1971_b2,1971,reviewed_accepted,Opus 5,Opus 5,xhigh,1,2,1,12,0,328,0.597400000,0.879853000,1.477253000,24,20066,434415,7176,34,23901,639596,12835,1118036,20011
putnam_1971_b3,1971,reviewed_accepted,Opus 5,Opus 5,xhigh,1,2,1,12,0,707,0.779500000,0.636746000,1.416246000,24,23240,458139,12716,22,21045,390672,9234,893142,21950
putnam_1971_b6,1971,reviewed_accepted,Opus 5,Opus 5,xhigh,1,2,1,19,0,631,1.629400000,1.107876500,2.737276500,26,46743,599547,34481,42,32562,882193,13638,1561113,48119
putnam_1972_a1,1972,reviewed_accepted,Opus 5,Opus 5,xhigh,2,3,2,19,0,2085,1.304200000,1.780872500,3.085072500,32,36465,732868,22916,58,53517,1109625,27624,1932565,50540
putnam_1972_a2,1972,reviewed_accepted,Opus 5,Opus 5,xhigh,1,2,1,9,0,293,0.632100000,0.582055500,1.214155500,18,20956,316920,10558,22,20113,364331,7946,722360,18504
putnam_1972_a3,1972,reviewed_accepted,Opus 5,Opus 5,xhigh,1,17,1,49,0,4081,5.722400000,1.532652500,7.255052500,84,119467,4015862,100777,46,44114,1205565,19540,5385138,120317
putnam_1972_a5,1972,reviewed_accepted,Opus 5,Opus 5,xhigh,1,2,1,13,0,310,0.614300000,0.721623000,1.335923000,22,19704,386483,8957,28,22294,497636,9989,926167,18946
putnam_1972_a6,1972,reviewed_accepted,Opus 5,Opus 5,xhigh,1,10,1,52,0,999,3.415500000,1.262634500,4.678134500,98,77537,3138262,42822,40,38225,891469,17378,4145631,60200
putnam_1972_b1,1972,reviewed_accepted,Opus 5,Opus 5,xhigh,1,7,1,38,0,1102,3.632100000,1.301949000,4.934049000,68,89252,2171247,66144,42,39263,936518,17634,3236390,83778
putnam_1972_b2,1972,reviewed_accepted,Opus 5,Opus 5,xhigh,1,9,1,32,0,2627,2.074500000,1.298198000,3.372698000,58,50995,1524498,32082,42,35171,930256,19246,2541020,51328
putnam_1972_b3,1972,reviewed_accepted,Opus 5,Opus 5,xhigh,1,2,1,15,0,1107,0.923000000,0.704209500,1.627209500,24,27277,485896,16288,22,22713,378689,11505,914621,27793
putnam_1972_b4,1972,reviewed_accepted,Opus 5,Opus 5,xhigh,1,5,1,15,0,424,0.945600000,0.711639000,1.657239000,30,26975,617398,14680,24,22127,410398,11402,1076952,26082
putnam_1972_b5,1972,reviewed_accepted,Opus 5,Opus 5,xhigh,1,7,2,33,0,2548,4.995000000,1.268171500,6.263171500,54,124308,2549559,99073,34,36231,772933,20769,3483119,119842
putnam_1972_b6,1972,reviewed_accepted,Opus 5,Opus 5,xhigh,1,3,1,19,0,2221,2.805200000,0.925600500,3.730800500,26,77152,798462,65372,32,29233,629421,12736,1534326,78108
putnam_1973_a1,1973,reviewed_accepted,Opus 5,Opus 5,xhigh,1,17,1,51,0,3970,6.337500000,1.356332500,7.693832500,96,100317,3727023,138814,34,40879,819395,21507,4687744,160321
putnam_1973_a2,1973,reviewed_accepted,Opus 5,Opus 5,xhigh,1,12,1,41,0,1041,2.992500000,1.340502000,4.333002000,74,64874,2367526,46387,40,41235,959654,17925,3433403,64312
putnam_1973_a3,1973,reviewed_accepted,Opus 5,Opus 5,xhigh,1,5,1,21,0,617,1.563800000,1.255677000,2.819477000,40,40697,924643,27774,46,33903,1027634,16104,2026963,43878
putnam_1973_a4,1973,reviewed_accepted,Opus 5,Opus 5,xhigh,1,3,1,25,0,1262,1.918800000,0.795112500,2.713912500,40,49810,985467,37111,28,25428,547485,10678,1608258,47789
putnam_1973_a6,1973,reviewed_accepted,Opus 5,Opus 5,xhigh,1,4,1,20,0,2114,1.709200000,0.982094000,2.691294000,34,48466,836150,32252,30,32265,616088,14050,1533033,46302
putnam_1973_b1,1973,reviewed_accepted,Opus 5,Opus 5,xhigh,1,2,1,16,0,1247,1.025100000,1.196358000,2.221458000,24,30200,489047,19139,32,36716,677326,19615,1233345,38754
putnam_1973_b2,1973,reviewed_accepted,Opus 5,Opus 5,xhigh,1,3,1,19,0,945,1.317500000,0.651510000,1.969010000,34,36170,765316,22919,28,20742,488550,7987,1310840,30906
putnam_1973_b3,1973,reviewed_accepted,Opus 5,Opus 5,xhigh,1,5,1,23,0,1675,1.425500000,1.159758500,2.585258500,40,36269,899201,24520,36,33371,781987,17395,1750904,41915
putnam_1973_b4,1973,reviewed_accepted,Opus 5,Opus 5,xhigh,1,8,1,32,0,1707,1.468100000,0.795654000,2.263754000,58,34458,1303180,18866,26,25298,489188,11918,1852208,30784
putnam_1974_a1,1974,reviewed_accepted,Opus 5,Opus 5,xhigh,1,8,1,25,0,2856,2.995800000,1.102338500,4.098138500,48,70037,1775084,56307,30,33413,686917,16984,2565529,73291
putnam_1974_a3,1974,reviewed_accepted,Opus 5,Opus 5,xhigh,1,5,1,22,0,656,1.707600000,0.873385000,2.580985000,36,44585,920526,32054,28,25356,522220,14343,1512751,46397
putnam_1974_a4,1974,reviewed_accepted,Opus 5,Opus 5,xhigh,1,7,1,24,0,2012,1.256200000,0.969744000,2.225944000,48,30648,1003300,17913,26,29504,516548,16652,1580074,34565
putnam_1974_a6,1974,reviewed_accepted,Opus 5,Opus 5,xhigh,1,11,1,37,0,786,2.299400000,0.936607500,3.236007500,68,51169,1868794,34120,30,29224,573785,14293,2523070,48413
putnam_1974_b1,1974,statement_false,Opus 5,,xhigh,,,,,,,10.323600000,,,,,,,,,,,,
putnam_1974_b2,1974,reviewed_accepted,Opus 5,Opus 5,xhigh,1,10,1,31,0,2651,3.768200000,1.114867000,4.883067000,56,88132,2164301,72179,32,34089,719184,16569,3005794,88748
putnam_1974_b3,1974,reviewed_accepted,Opus 5,Opus 5,xhigh,1,6,1,25,0,1498,1.217100000,0.947003500,2.164103500,42,30864,872471,18882,28,28771,562657,15113,1494833,33995
putnam_1974_b4,1974,reviewed_accepted,Opus 5,Opus 5,xhigh,1,6,1,24,0,1770,2.257000000,1.216409500,3.473409500,40,57618,1123897,44748,38,34431,872219,17432,2088243,62180
putnam_1974_b5,1974,reviewed_accepted,Opus 5,Opus 5,xhigh,1,3,1,26,0,982,3.389600000,0.986860500,4.376460500,36,87936,1322443,73953,36,29086,737391,13085,2176928,87038
putnam_1974_b6,1974,reviewed_accepted,Opus 5,Opus 5,xhigh,1,12,1,49,0,2285,3.149200000,1.039963000,4.189163000,86,67418,2628855,46405,32,31609,673326,15482,3401326,61887
putnam_1975_a1,1975,reviewed_accepted,Opus 5,Opus 5,xhigh,1,2,1,9,0,377,0.731600000,0.716388000,1.447988000,18,24315,324920,13038,22,23432,394416,11390,767123,24428
putnam_1975_a2,1975,reviewed_accepted,Opus 5,Opus 5,xhigh,1,6,1,23,0,1913,2.311100000,1.175121500,3.486221500,46,57731,1219790,44947,30,36062,626303,20048,1939962,64995
putnam_1975_a3,1975,reviewed_accepted,Opus 5,Opus 5,xhigh,1,4,1,20,0,1485,1.612100000,1.013705500,2.625805500,32,45941,757329,30956,24,34182,500981,16851,1338489,47807
putnam_1975_a4,1975,reviewed_accepted,Opus 5,Opus 5,xhigh,1,6,1,22,0,1126,1.322000000,0.363594500,1.685594500,38,33898,859331,22128,8,13631,112439,6841,1019345,28969
putnam_1975_a5,1975,reviewed_accepted,Opus 5,Opus 5,xhigh,1,12,1,42,0,1800,3.724000000,1.278241500,5.002241500,80,86035,2512471,64279,30,45011,719563,18728,3363190,83007
putnam_1975_b1,1975,reviewed_accepted,Opus 5,Opus 5,xhigh,1,1,1,7,0,720,0.377000000,0.670325000,1.047325000,14,14866,222851,4672,28,20172,470980,9319,728911,13991
putnam_1975_b2,1975,reviewed_accepted,Opus 5,Opus 5,xhigh,1,4,1,49,0,1018,3.939700000,1.277593000,5.217293000,92,90203,3303895,55410,42,38625,971916,16207,4404773,71617
putnam_1975_b3,1975,reviewed_accepted,Opus 5,Opus 5,xhigh,1,6,1,47,0,1174,4.212800000,1.288012500,5.500812500,86,102722,2855908,70289,32,42142,775315,19151,3776205,89440
putnam_1975_b4,1975,reviewed_accepted,Opus 5,Opus 5,xhigh,2,8,2,28,0,1774,1.159500000,1.457844500,2.617344500,52,28012,1070162,13759,56,45308,1022619,19727,2166209,33486
putnam_1975_b5,1975,reviewed_accepted,Opus 5,Opus 5,xhigh,1,13,1,46,0,2697,3.293600000,1.168219500,4.461819500,84,70393,2561285,52344,30,37830,671139,18168,3340761,70512
putnam_1975_b6,1975,reviewed_accepted,Opus 5,Opus 5,xhigh,1,4,1,28,0,1254,1.777300000,0.475513500,2.252813500,42,47710,951624,32967,8,18053,116137,9475,1133574,42442
putnam_1976_a2,1976,reviewed_accepted,Opus 5,Opus 5,xhigh,1,1,1,7,0,536,0.740800000,1.240538000,1.981338000,14,25024,251869,14583,42,34983,861546,18389,1173478,32972
putnam_1976_a3,1976,reviewed_accepted,Opus 5,Opus 5,xhigh,1,7,1,27,0,898,2.751200000,0.961927000,3.713127000,46,67481,1462373,53798,20,34743,422144,16133,1986807,69931
putnam_1976_a4,1976,reviewed_accepted,Opus 5,Opus 5,xhigh,1,9,1,29,0,1577,1.966600000,0.744367000,2.710967000,52,49245,1398879,30980,24,24765,421744,11429,1894709,42409
putnam_1976_a6,1976,reviewed_accepted,Opus 5,Opus 5,xhigh,1,5,1,22,0,1275,1.064000000,1.052797500,2.116797500,36,29890,710277,16390,38,30112,744575,15168,1514928,31558
putnam_1976_b1,1976,reviewed_accepted,Opus 5,Opus 5,xhigh,1,25,1,74,0,4898,8.082500000,1.482795000,9.565295000,142,142993,7804924,109977,34,51281,932980,20133,8932354,130110
putnam_1976_b2,1976,reviewed_accepted,Opus 5,Opus 5,xhigh,1,11,1,40,0,2516,3.966900000,1.022652000,4.989552000,76,88368,2965683,64001,28,36677,634184,13546,3725016,77547
putnam_1976_b3,1976,reviewed_accepted,Opus 5,Opus 5,xhigh,1,2,1,37,0,1817,2.628600000,1.282038500,3.910638500,62,64479,1725033,44841,34,39167,796497,19678,2625272,64519
putnam_1976_b5,1976,reviewed_accepted,Opus 5,Opus 5,xhigh,1,6,1,34,0,1870,2.785300000,0.766749500,3.552049500,58,69500,1586697,51868,30,22437,533359,11022,2212081,62890
putnam_1976_b6,1976,reviewed_accepted,Opus 5,Opus 5,xhigh,1,10,1,38,0,2110,3.060700000,0.939777000,4.000477000,70,70329,2063271,53016,36,28830,722994,11592,2885530,64608
putnam_1977_a1,1977,reviewed_accepted,Opus 5,Opus 5,xhigh,1,9,1,29,0,2047,1.462000000,0.891263000,2.353263000,50,34875,1146543,21589,26,28729,496486,14224,1706709,35813
putnam_1977_a2,1977,reviewed_accepted,Opus 5,Opus 5,xhigh,1,2,1,9,0,575,0.441200000,0.637770000,1.078970000,18,15849,296491,5376,30,18281,508720,8018,839389,13394
putnam_1977_a3,1977,reviewed_accepted,Opus 5,Opus 5,xhigh,1,1,1,8,0,511,0.338600000,0.493331500,0.831931500,16,13558,253087,3055,22,15914,352463,6314,635060,9369
putnam_1977_a4,1977,reviewed_accepted,Opus 5,Opus 5,xhigh,1,9,1,35,0,2557,2.005300000,1.871047000,3.876347000,64,46134,1581459,30117,68,44216,1674044,23661,3345985,53778
putnam_1977_a5,1977,reviewed_accepted,Opus 5,Opus 5,xhigh,1,4,1,27,0,1455,0.842800000,1.178896000,2.021696000,46,23148,831310,7817,54,27906,1045332,15076,1927796,22893
putnam_1977_a6,1977,reviewed_accepted,Opus 5,Opus 5,xhigh,1,11,1,51,0,2827,4.865000000,2.149349500,7.014349500,94,105383,3979780,72831,54,61452,1686919,27644,5833682,100475
putnam_1977_b1,1977,reviewed_accepted,Opus 5,Opus 5,xhigh,1,2,1,18,0,893,0.901400000,0.911460000,1.812860000,26,26811,459401,16139,32,28366,618080,12744,1132716,28883
putnam_1977_b3,1977,reviewed_accepted,Opus 5,Opus 5,xhigh,1,5,1,23,0,2015,3.636200000,1.867014500,5.503214500,36,95976,1403878,78971,44,56288,1264579,26865,2820801,105836
putnam_1977_b5,1977,reviewed_accepted,Opus 5,Opus 5,xhigh,1,4,1,27,0,1342,1.504100000,0.833942500,2.338042500,46,55770,885473,20138,36,23792,663735,10559,1628852,30697
putnam_1977_b6,1977,reviewed_accepted,Opus 5,Opus 5,xhigh,1,11,1,36,0,2414,3.213300000,0.865653500,4.078953500,66,72106,2321533,53245,30,28002,602917,11361,3024654,64606
putnam_1978_a1,1978,reviewed_accepted,Opus 5,Opus 5,xhigh,1,2,1,13,0,1435,0.622200000,0.944749500,1.566949500,22,19802,386486,9232,34,25919,643779,14540,1076042,23772
putnam_1978_a2,1978,reviewed_accepted,Opus 5,Opus 5,xhigh,1,8,1,34,0,2304,2.566400000,0.985163500,3.551563500,58,58300,1789404,43538,36,27949,728437,13651,2604184,57189
putnam_1978_a3,1978,reviewed_accepted,Opus 5,Opus 5,xhigh,1,5,1,37,0,1392,2.678900000,0.886484500,3.565384500,64,67335,1928412,41639,32,26832,611559,12489,2634234,54128
putnam_1978_a4,1978,reviewed_accepted,Opus 5,Opus 5,xhigh,1,1,1,7,0,852,0.609700000,0.645974000,1.255674000,14,21441,242603,10957,26,20017,443398,8959,727499,19916
putnam_1978_a5,1978,reviewed_accepted,Opus 5,Opus 5,xhigh,1,8,1,41,0,1337,2.300400000,1.541858500,3.842258500,74,56066,2027502,29024,54,41202,1382387,17535,3507285,46559
putnam_1978_a6,1978,reviewed_accepted,Opus 5,Opus 5,xhigh,1,19,1,60,0,3523,4.066300000,1.482776500,5.549076500,106,90565,3544994,55506,42,43598,1039973,21064,4719278,76570
putnam_1978_b2,1978,reviewed_accepted,Opus 5,Opus 5,xhigh,1,16,1,47,0,3116,4.470900000,0.960750500,5.431650500,88,93779,3285705,75593,22,37031,482011,13973,3898636,89566
putnam_1978_b3,1978,reviewed_accepted,Opus 5,Opus 5,xhigh,1,11,1,47,0,2264,3.593100000,0.963527500,4.556627500,86,82861,2968310,51197,26,30170,533595,15796,3615048,66993
putnam_1978_b4,1978,reviewed_accepted,Opus 5,Opus 5,xhigh,1,1,1,7,0,869,0.842300000,0.676062500,1.518362500,14,27541,260679,17461,22,22902,371515,10447,682673,27908
putnam_1978_b5,1978,reviewed_accepted,Opus 5,Opus 5,xhigh,1,5,1,21,0,1130,1.041800000,0.654749500,1.696549500,36,27980,721696,16037,24,21329,418479,9284,1189544,25321
putnam_1978_b6,1978,reviewed_accepted,Opus 5,Opus 5,xhigh,1,3,1,16,0,900,0.899900000,0.784519500,1.684419500,28,26432,539091,14637,24,26531,436879,12026,1028985,26663
putnam_1979_a1,1979,reviewed_accepted,Opus 5,Opus 5,xhigh,1,11,1,36,0,2280,2.590900000,0.645741500,3.236641500,68,59647,1933541,41093,18,23876,316933,9937,2334083,51030
putnam_1979_a2,1979,reviewed_accepted,Opus 5,Opus 5,xhigh,1,1,1,18,0,696,1.135100000,0.753477000,1.888577000,24,33926,414582,23538,24,23518,421304,12301,893378,35839
putnam_1979_a3,1979,reviewed_accepted,Opus 5,Opus 5,xhigh,1,2,1,16,0,2141,1.316500000,1.256510000,2.573010000,24,40453,529252,25888,34,36908,737470,20741,1344141,46629
putnam_1979_a4,1979,reviewed_accepted,Opus 5,Opus 5,xhigh,1,12,1,38,0,2414,4.389100000,1.379596500,5.768696500,66,102107,2646762,81771,32,45505,766923,21637,3561395,103408
putnam_1979_a5,1979,reviewed_accepted,Opus 5,Opus 5,xhigh,1,2,1,15,0,1658,2.457300000,1.375728500,3.833028500,24,68214,680370,57395,38,45403,949867,17863,1743916,75258
putnam_1979_a6,1979,reviewed_accepted,Opus 5,Opus 5,xhigh,1,9,1,31,0,2427,3.349200000,0.863091000,4.212291000,56,77179,2066567,61754,30,28594,607102,10938,2779528,72692
putnam_1979_b2,1979,reviewed_accepted,Opus 5,Opus 5,xhigh,1,5,1,32,0,1531,2.252700000,0.920380500,3.173080500,58,58638,1617663,34286,30,30286,596591,12763,2303266,47049
putnam_1979_b3,1979,reviewed_accepted,Opus 5,Opus 5,xhigh,1,3,1,46,0,1859,3.842000000,0.980985000,4.822985000,84,106771,2921849,52519,28,31965,557690,15294,3618387,67813
putnam_1979_b5,1979,reviewed_accepted,Opus 5,Opus 5,xhigh,1,23,1,69,0,5691,20.451700000,2.049155000,22.500855000,130,344566,14417395,391866,40,63498,1429750,27964,16255379,419830
putnam_1979_b6,1979,reviewed_accepted,Opus 5,Opus 5,xhigh,1,10,1,37,0,1739,1.753600000,1.478359500,3.231959500,66,41885,1528124,22816,40,42774,956439,22888,2569328,45704
putnam_1980_a2,1980,reviewed_accepted,Opus 5,Opus 5,xhigh,1,8,1,47,0,2385,4.320500000,0.948968000,5.269468000,86,97369,3189965,70054,26,30764,519546,15257,3837756,85311
putnam_1980_a3,1980,reviewed_accepted,Opus 5,Opus 5,xhigh,1,8,1,49,0,1593,2.515300000,0.559665000,3.074965000,94,58164,2480683,27713,20,20443,340470,7396,2899874,35109
putnam_1980_a4,1980,reviewed_accepted,Opus 5,Opus 5,xhigh,1,11,1,39,0,2451,4.351400000,1.617335500,5.968735500,70,96762,2957107,76194,38,56481,1090021,20293,4200479,96487
putnam_1980_a5,1980,reviewed_accepted,Opus 5,Opus 5,xhigh,1,3,1,25,0,1410,1.843600000,0.752077500,2.595677500,42,47552,982752,35060,26,22905,468945,11537,1522222,46597
putnam_1980_a6,1980,reviewed_accepted,Opus 5,Opus 5,xhigh,1,5,1,38,0,1538,3.114400000,0.978747000,4.093147000,70,73513,2233085,50495,24,34745,519404,14859,2860841,65354
putnam_1980_b1,1980,reviewed_accepted,Opus 5,Opus 5,xhigh,1,4,1,31,0,1143,1.810300000,0.590564500,2.400864500,54,48421,1255319,27927,20,21068,339519,8401,1664401,36328
putnam_1980_b3,1980,reviewed_accepted,Opus 5,Opus 5,xhigh,1,4,1,23,0,1541,0.932800000,0.548514500,1.481314500,38,25330,690531,13361,22,16897,353819,8101,1086637,21462
putnam_1980_b4,1980,reviewed_accepted,Opus 5,Opus 5,xhigh,1,7,1,26,0,1152,1.434100000,0.914496000,2.348596000,48,34352,1066373,22288,26,31137,488992,14340,1620928,36628
putnam_1980_b5,1980,reviewed_accepted,Opus 5,Opus 5,xhigh,1,2,1,14,0,1025,1.539000000,1.097348000,2.636348000,24,44836,578065,32060,22,35892,467686,20179,1126525,52239
putnam_1980_b6,1980,reviewed_accepted,Opus 5,Opus 5,xhigh,1,6,1,33,0,2900,4.162600000,1.980757000,6.143357000,52,101553,2125132,83368,60,49600,1579014,27798,3855411,111166
putnam_1981_a1,1981,reviewed_accepted,Opus 5,Opus 5,xhigh,1,15,1,48,0,4364,4.772300000,1.498593000,6.270893000,96,102270,3942418,71117,38,48282,942166,21780,5035270,92897
putnam_1981_a3,1981,reviewed_accepted,Opus 5,Opus 5,xhigh,1,11,1,43,0,2191,3.431000000,1.159524500,4.590524500,80,80834,2622756,52434,30,40343,695089,16336,3439132,68770
putnam_1981_a5,1981,reviewed_accepted,Opus 5,Opus 5,xhigh,1,4,1,41,0,1736,4.300500000,1.001789500,5.302289500,72,108396,2823717,72172,38,29604,810169,12019,3771996,84191
putnam_1981_b1,1981,reviewed_accepted,Opus 5,Opus 5,xhigh,1,7,1,24,0,1730,1.180000000,0.965211500,2.145211500,44,31584,918651,16183,40,28835,785123,11364,1764277,27547
putnam_1981_b2,1981,reviewed_accepted,Opus 5,Opus 5,xhigh,1,3,1,13,0,1726,0.856600000,0.833686000,1.690286000,24,26387,432307,15059,26,25035,451612,14296,935391,29355
putnam_1981_b3,1981,reviewed_accepted,Opus 5,Opus 5,xhigh,1,1,1,11,0,1048,1.087100000,0.572396000,1.659496000,22,31223,495975,21072,24,15555,427052,8128,969851,29200
putnam_1981_b4,1981,reviewed_accepted,Opus 5,Opus 5,xhigh,1,5,1,30,0,2240,2.938900000,0.958000000,3.896900000,50,68821,1728256,55451,32,28724,635750,14109,2461633,69560
putnam_1981_b5,1981,reviewed_accepted,Opus 5,Opus 5,xhigh,1,18,1,62,0,3702,5.245400000,1.010221500,6.255621500,116,105181,4594471,75832,30,36807,674403,12192,5411008,88024
putnam_1982_a2,1982,reviewed_accepted,Opus 5,Opus 5,xhigh,1,10,1,45,0,2854,3.004100000,1.037096000,4.041196000,78,66955,2140357,50561,28,34127,586722,16093,2828267,66654
putnam_1982_a3,1982,reviewed_accepted,Opus 5,Opus 5,xhigh,1,15,1,52,0,2624,3.057300000,0.745870000,3.803170000,98,62093,2855869,40317,20,27903,384730,10975,3330713,51292
putnam_1982_a4,1982,reviewed_accepted,Opus 5,Opus 5,xhigh,1,11,1,42,0,2602,2.644100000,1.089309500,3.733409500,76,66869,2277428,33453,30,36188,632709,16437,3013300,49890
putnam_1982_a5,1982,reviewed_accepted,Opus 5,Opus 5,xhigh,1,2,1,10,0,828,1.205500000,0.808259500,2.013759500,20,35580,452080,24943,24,25715,441429,13211,954848,38154
putnam_1982_a6,1982,reviewed_accepted,Opus 5,Opus 5,xhigh,1,18,1,57,1,8947,15.145700000,1.956635500,17.102335500,112,174461,6745702,401109,58,55775,1661641,22711,8637749,423820
putnam_1982_b2,1982,reviewed_accepted,Opus 5,Opus 5,xhigh,1,18,1,54,0,2364,5.556500000,1.578680000,7.135180000,102,115014,4236372,91505,34,55503,981060,21318,5388085,112823
putnam_1982_b3,1982,reviewed_accepted,Opus 5,Opus 5,xhigh,1,20,1,58,0,6820,5.182500000,1.280656000,6.463156000,116,103076,4219652,81652,36,36924,816172,20126,5175976,101778
putnam_1982_b4,1982,reviewed_accepted,Opus 5,Opus 5,xhigh,1,3,1,20,0,1771,3.270100000,1.178398500,4.448498500,34,82286,1405475,69774,30,37916,685477,18254,2211218,88028
putnam_1982_b5,1982,reviewed_accepted,Opus 5,Opus 5,xhigh,1,5,1,28,0,2742,2.113600000,1.413438000,3.527038000,44,56582,1009613,34893,46,40280,1073566,18945,2180131,53838
putnam_1983_a1,1983,reviewed_accepted,Opus 5,Opus 5,xhigh,1,9,1,31,0,2283,1.836700000,0.678721000,2.515421000,56,42595,1396853,28483,26,22666,483862,8400,1946058,36883
putnam_1983_a3,1983,reviewed_accepted,Opus 5,Opus 5,xhigh,1,1,1,6,0,855,0.691400000,0.846429500,1.537829500,12,26105,209758,13015,30,25927,561019,12260,822851,25275
putnam_1983_a4,1983,reviewed_accepted,Opus 5,Opus 5,xhigh,1,12,1,40,0,2530,3.711700000,1.056649000,4.768349000,72,85398,2465687,64982,28,35319,619338,15746,3205842,80728
putnam_1983_a5,1983,reviewed_accepted,Opus 5,Opus 5,xhigh,1,5,1,20,0,593,1.325300000,0.865167000,2.190467000,40,33630,940885,20736,22,31777,468024,12531,1474378,33267
putnam_1983_a6,1983,reviewed_accepted,Opus 5,Opus 5,xhigh,1,13,1,45,1,3583,4.854100000,1.680751000,6.534851000,80,103505,3324901,86248,40,57391,1181132,20643,4667049,106891
putnam_1983_b2,1983,reviewed_accepted,Opus 5,Opus 5,xhigh,1,14,1,57,0,5391,3.918400000,1.168410000,5.086810000,102,84522,3269539,57517,34,35489,712400,18286,4102086,75803
putnam_1983_b4,1983,reviewed_accepted,Opus 5,Opus 5,xhigh,1,3,1,19,0,1074,1.113300000,0.894745500,2.008045500,30,46928,520985,15335,26,28503,485421,14675,1081893,30010
putnam_1983_b5,1983,reviewed_accepted,Opus 5,Opus 5,xhigh,1,16,1,52,0,5583,4.178500000,1.485865000,5.664365000,94,82896,3559076,62780,40,49036,1038560,19041,4729702,81821
putnam_1983_b6,1983,reviewed_accepted,Opus 5,Opus 5,xhigh,1,5,1,21,0,1233,1.201800000,0.612531000,1.814331000,36,31057,795466,19733,22,20552,382852,8619,1229985,28352
putnam_1984_a2,1984,reviewed_accepted,Opus 5,Opus 5,xhigh,1,2,1,20,0,1233,1.472700000,0.890623500,2.363323500,32,40868,688802,28778,34,28797,633917,11421,1392450,40199
putnam_1984_a3,1984,reviewed_accepted,Opus 5,Opus 5,xhigh,1,11,1,45,0,1716,2.705700000,0.753556000,3.459256000,80,58985,2316552,38287,22,27811,414922,10715,2818372,49002
putnam_1984_a5,1984,reviewed_accepted,Opus 5,Opus 5,xhigh,1,25,1,71,0,2130,7.181500000,1.493321000,8.674821000,134,136353,6742225,97848,36,43038,929472,23921,7851258,121769
putnam_1984_a6,1984,reviewed_accepted,Opus 5,Opus 5,xhigh,1,11,1,38,0,2826,6.012300000,2.510003000,8.522303000,68,125853,3991981,110298,70,65804,2132426,31416,6316202,141714
putnam_1984_b1,1984,reviewed_accepted,Opus 5,Opus 5,xhigh,1,5,1,23,0,3198,0.934000000,0.808812000,1.742812000,38,26276,674163,13358,28,23172,497904,13120,1221581,26478
putnam_1984_b2,1984,reviewed_accepted,Opus 5,Opus 5,xhigh,1,3,1,16,0,1067,0.752700000,0.754512000,1.507212000,30,19849,540188,11357,24,22067,415944,13030,998102,24387
putnam_1984_b3,1984,reviewed_accepted,Opus 5,Opus 5,xhigh,1,2,1,15,0,2594,0.594800000,0.731231500,1.326031500,22,19356,368111,8681,28,20247,475043,11644,882807,20325
putnam_1984_b5,1984,reviewed_accepted,Opus 5,Opus 5,xhigh,1,17,1,54,0,5094,3.480100000,1.297702500,4.777802500,96,71896,3147876,47470,36,38873,823285,19886,4082062,67356
putnam_1985_a1,1985,reviewed_accepted,Opus 5,Opus 5,xhigh,1,19,1,49,0,2678,3.344200000,0.883751000,4.227951000,92,66466,2961769,47927,26,31357,534802,12106,3594512,60033
putnam_1985_a3,1985,reviewed_accepted,Opus 5,Opus 5,xhigh,1,5,1,31,0,1028,1.104800000,0.670287500,1.775087500,48,28287,928349,14301,32,20213,544995,7820,1521924,22121
putnam_1985_a4,1985,reviewed_accepted,Opus 5,Opus 5,xhigh,1,5,1,15,0,2414,0.727500000,0.927557000,1.655057000,30,20608,582507,9199,36,23194,706924,13679,1333299,22878
putnam_1985_a5,1985,reviewed_accepted,Opus 5,Opus 5,xhigh,1,14,1,42,0,2213,2.752100000,1.932201000,4.684301000,74,58469,2351408,39655,54,54451,1510842,25280,3975298,64935
putnam_1985_a6,1985,reviewed_accepted,Opus 5,Opus 5,xhigh,1,12,1,38,0,3146,2.237700000,1.131076000,3.368776000,68,51313,1741298,34142,30,35159,597772,19218,2425640,53360
putnam_1985_b1,1985,reviewed_accepted,Opus 5,Opus 5,xhigh,1,9,1,31,0,2996,2.572000000,1.310678000,3.882678000,56,64658,1599768,45012,34,38752,780526,21309,2483794,66321
putnam_1985_b2,1985,reviewed_accepted,Opus 5,Opus 5,xhigh,1,7,1,26,0,928,1.117100000,1.121960500,2.239060500,46,28640,884748,15523,28,36671,572471,18755,1522604,34278
putnam_1985_b3,1985,reviewed_accepted,Opus 5,Opus 5,xhigh,1,9,1,39,0,3946,2.290500000,1.101522000,3.392022000,72,50522,1747867,36441,32,32624,613844,18728,2444961,55169
putnam_1985_b5,1985,reviewed_accepted,Opus 5,Opus 5,xhigh,1,4,1,32,0,1293,2.613200000,1.015857000,3.629057000,56,64514,1564803,47414,24,34965,531624,16011,2195986,63425
putnam_1985_b6,1985,reviewed_accepted,Opus 5,Opus 5,xhigh,1,8,1,35,0,2316,1.883300000,1.649451500,3.532751500,64,48974,1575415,24222,52,39916,1246563,25070,2910984,49292
putnam_1986_a1,1986,reviewed_accepted,Opus 5,Opus 5,xhigh,1,1,1,6,0,338,0.304900000,0.579972500,0.884872500,12,13425,184241,3139,28,16956,463745,7136,678407,10275
putnam_1986_a2,1986,reviewed_accepted,Opus 5,Opus 5,xhigh,1,6,1,32,0,1503,1.410500000,0.973225000,2.383725000,56,35854,1302968,16008,32,31547,666340,12977,2036797,28985
putnam_1986_a3,1986,reviewed_accepted,Opus 5,Opus 5,xhigh,1,8,1,29,0,951,1.339400000,0.759810000,2.099210000,50,34311,1056677,18709,20,26348,336260,13124,1453666,31833
putnam_1986_a4,1986,reviewed_accepted,Opus 5,Opus 5,xhigh,1,18,1,49,0,4423,4.438600000,1.461409000,5.900009000,92,90270,3561272,70194,34,47007,909138,21464,4607813,91658
putnam_1986_a5,1986,reviewed_accepted,Opus 5,Opus 5,xhigh,1,24,1,69,0,8352,5.864800000,1.291877500,7.156677500,126,116962,5428067,74698,38,38260,853925,19285,6437378,93983
putnam_1986_a6,1986,reviewed_accepted,Opus 5,Opus 5,xhigh,1,21,1,61,0,2337,4.604600000,1.318353000,5.922953000,112,90403,4295923,62081,38,40224,916846,18300,5343546,80381
putnam_1986_b1,1986,reviewed_accepted,Opus 5,Opus 5,xhigh,1,1,1,7,0,1025,0.286300000,0.402820000,0.689120000,14,12458,201961,2426,22,11657,325730,4931,551842,7357
putnam_1986_b2,1986,reviewed_accepted,Opus 5,Opus 5,xhigh,1,1,1,7,0,711,0.745700000,0.880085500,1.625785500,14,39940,203637,9777,32,24035,560451,14374,828109,24151
putnam_1986_b3,1986,reviewed_accepted,Opus 5,Opus 5,xhigh,1,1,1,12,0,788,0.616300000,0.622734000,1.239034000,18,21505,319981,9646,26,19258,450498,8191,811286,17837
putnam_1986_b4,1986,reviewed_accepted,Opus 5,Opus 5,xhigh,1,4,1,21,0,1087,1.450000000,1.329458000,2.779458000,34,38601,769093,27169,34,35752,757886,23713,1601400,50882
putnam_1986_b5,1986,reviewed_accepted,Opus 5,Opus 5,xhigh,1,5,1,15,0,994,0.707400000,1.451941500,2.159341500,30,21834,521460,9129,48,43866,1044983,19622,1632221,28751
putnam_1986_b6,1986,reviewed_accepted,Opus 5,Opus 5,xhigh,1,2,1,17,0,1308,0.726000000,0.979194000,1.705194000,24,22907,406819,11735,38,26313,698598,14663,1154699,26398
putnam_1987_a1,1987,reviewed_accepted,Opus 5,Opus 5,xhigh,1,1,1,7,0,1965,0.507100000,0.807765500,1.314865500,14,18663,219585,8425,24,23752,427651,14252,689689,22677
putnam_1987_a2,1987,reviewed_accepted,Opus 5,Opus 5,xhigh,1,2,1,17,0,957,1.277400000,0.959861500,2.237261500,26,37314,529316,25580,26,29191,507793,16557,1103666,42137
putnam_1987_a4,1987,reviewed_accepted,Opus 5,Opus 5,xhigh,1,20,2,66,0,8527,7.759100000,1.756026500,9.515126500,132,143796,6719919,118421,36,54904,956713,29138,7875500,147559
putnam_1987_a5,1987,reviewed_accepted,Opus 5,Opus 5,xhigh,1,17,1,62,0,4528,6.306800000,1.326702500,7.633502500,116,134072,5549037,87640,22,46792,514195,24063,6244234,111703
putnam_1987_a6,1987,reviewed_accepted,Opus 5,Opus 5,xhigh,1,16,1,54,0,3242,4.185700000,1.593536500,5.779236500,100,88679,3559043,60755,34,53542,899093,24336,4600491,85091
putnam_1987_b1,1987,reviewed_accepted,Opus 5,Opus 5,xhigh,1,2,1,17,0,955,0.915600000,1.015095000,1.930695000,24,28364,468774,15900,30,30099,639760,15763,1167051,31663
putnam_1987_b2,1987,reviewed_accepted,Opus 5,Opus 5,xhigh,1,9,1,32,0,1323,1.929800000,1.132420000,3.062220000,54,46277,1315547,32358,28,34319,578580,19992,1974805,52350
putnam_1987_b3,1987,reviewed_accepted,Opus 5,Opus 5,xhigh,1,3,1,11,0,1195,0.643300000,0.662051000,1.305351000,22,21057,357702,10149,28,18578,454312,9959,851699,20108
putnam_1987_b4,1987,reviewed_accepted,Opus 5,Opus 5,xhigh,1,6,1,27,0,3613,2.494600000,2.341898500,4.836498500,48,63659,1406297,46183,74,54955,2179157,28096,3704190,74279
putnam_1987_b5,1987,reviewed_accepted,Opus 5,Opus 5,xhigh,1,6,1,24,0,987,1.311200000,0.726670500,2.037870500,40,34790,837252,21779,28,21935,501861,10250,1395906,32029
putnam_1987_b6,1987,reviewed_accepted,Opus 5,Opus 5,xhigh,1,9,1,36,0,2849,2.798400000,0.827497500,3.625897500,64,66489,1812835,49070,30,24500,547545,12343,2451463,61413
putnam_1988_a1,1988,reviewed_accepted,Opus 5,Opus 5,xhigh,1,8,1,31,0,3992,1.640200000,0.744942000,2.385142000,54,40438,1184750,25728,30,22995,525584,10082,1773851,35810
putnam_1988_a2,1988,reviewed_accepted,Opus 5,Opus 5,xhigh,1,6,1,26,0,1104,1.346300000,0.558492500,1.904792500,46,34333,999398,20122,20,19997,344695,7443,1398489,27565
putnam_1988_a3,1988,reviewed_accepted,Opus 5,Opus 5,xhigh,1,14,1,42,0,3709,3.315700000,0.992571500,4.308271500,76,73638,2463607,53885,26,31591,583163,15398,3152101,69283
putnam_1988_a4,1988,reviewed_accepted,Opus 5,Opus 5,xhigh,1,3,1,22,0,1172,1.805200000,1.001440500,2.806640500,36,54351,861489,33232,30,30227,672591,14509,1618724,47741
putnam_1988_a5,1988,reviewed_accepted,Opus 5,Opus 5,xhigh,2,4,2,22,0,2949,1.594900000,1.916325000,3.511225000,36,41728,859076,29917,66,55017,1269250,29248,2225173,59165
putnam_1988_a6,1988,reviewed_accepted,Opus 5,Opus 5,xhigh,1,9,1,35,0,933,2.498800000,0.984108500,3.482908500,62,60448,1784415,40071,32,29209,636567,14943,2510733,55014
putnam_1988_b1,1988,reviewed_accepted,Opus 5,Opus 5,xhigh,1,1,1,7,0,1002,0.270100000,1.712862500,1.982962500,14,11953,200459,2009,78,38345,1801795,17125,2052644,19134
putnam_1988_b2,1988,reviewed_accepted,Opus 5,Opus 5,xhigh,1,1,1,8,0,1008,0.356200000,0.652418500,1.008618500,14,14303,207151,4382,28,18426,462887,9463,702809,13845
putnam_1988_b3,1988,reviewed_accepted,Opus 5,Opus 5,xhigh,1,3,1,20,0,2320,2.490900000,1.168333000,3.659233000,32,65070,948813,54624,32,35661,707776,18307,1757384,72931
putnam_1988_b4,1988,reviewed_accepted,Opus 5,Opus 5,xhigh,1,1,1,19,0,1752,0.885600000,1.955639500,2.841239500,28,26859,521440,14246,64,48525,1709739,24608,2306655,38854
putnam_1988_b5,1988,reviewed_accepted,Opus 5,Opus 5,xhigh,1,17,1,48,0,6623,5.324000000,1.716310000,7.040310000,92,115572,3979744,87118,32,54096,896680,29074,5046216,116192
putnam_1988_b6,1988,reviewed_accepted,Opus 5,Opus 5,xhigh,1,5,1,30,0,912,1.621400000,0.757948500,2.379348500,50,41579,1122205,25771,28,21596,484447,11985,1669905,37756
putnam_1989_a1,1989,reviewed_accepted,Opus 5,Opus 5,xhigh,1,2,1,15,0,1281,1.528000000,0.949442000,2.477442000,26,42831,586001,32263,30,27413,557324,15860,1213625,48123
putnam_1989_a2,1989,reviewed_accepted,Opus 5,Opus 5,xhigh,1,12,1,45,0,1584,2.899600000,1.265443500,4.165043500,80,69166,2292156,42459,44,38170,1001297,15315,3400913,57774
putnam_1989_a3,1989,reviewed_accepted,Opus 5,Opus 5,xhigh,1,3,1,16,0,998,0.682100000,0.809265500,1.491365500,28,21675,477309,9061,32,22484,550781,12355,1072309,21416
putnam_1989_a6,1989,reviewed_accepted,Opus 5,Opus 5,xhigh,1,16,1,47,0,11316,4.776300000,2.489920500,7.266220500,86,103137,3396122,81856,62,70363,1944761,32544,5514531,114400
putnam_1989_b1,1989,reviewed_accepted,Opus 5,Opus 5,xhigh,1,22,1,63,0,7927,6.491700000,1.231915500,7.723615500,118,131265,5253270,102071,34,39765,802241,17319,6226693,119390
putnam_1989_b2,1989,reviewed_accepted,Opus 5,Opus 5,xhigh,1,1,1,13,0,1107,1.101700000,0.758215500,1.859915500,20,33535,370932,23230,22,23328,383051,13332,810888,36562
putnam_1989_b3,1989,reviewed_accepted,Opus 5,Opus 5,xhigh,1,15,1,50,0,6327,4.576500000,1.462753500,6.039253500,92,104585,3510990,70989,32,53101,856317,20137,4525117,91126
putnam_1989_b4,1989,reviewed_accepted,Opus 5,Opus 5,xhigh,1,3,1,34,0,1400,1.846400000,0.803698500,2.650098500,64,53355,1509160,22320,26,24172,455247,13369,2042024,35689
putnam_1989_b6,1989,reviewed_accepted,Opus 5,Opus 5,xhigh,2,40,2,108,0,9377,16.477400000,2.418914500,18.896314500,206,483877,14888576,167732,46,85464,1257289,37416,16715458,205148
putnam_1990_a1,1990,reviewed_accepted,Opus 5,Opus 5,xhigh,1,2,1,11,0,425,0.440300000,0.627976000,1.068276000,20,15765,310176,5100,24,18333,390902,9963,735220,15063
putnam_1990_a2,1990,reviewed_accepted,Opus 5,Opus 5,xhigh,1,1,1,14,0,634,1.037000000,0.977451500,2.014451500,20,31716,375409,21280,32,28375,603233,15677,1038785,36957
putnam_1990_a4,1990,reviewed_accepted,Opus 5,Opus 5,xhigh,1,9,1,31,0,1740,2.155100000,1.467205000,3.622305000,56,53414,1455975,35709,32,44546,786670,25130,2340693,60839
putnam_1990_a5,1990,reviewed_accepted,Opus 5,Opus 5,xhigh,1,2,1,17,0,972,0.639800000,0.453559500,1.093359500,26,19604,440777,8928,16,15161,240139,7272,715723,16200
putnam_1990_a6,1990,reviewed_accepted,Opus 5,Opus 5,xhigh,1,13,1,36,0,4467,2.003900000,0.873352000,2.877252000,68,43917,1691428,28746,28,26886,512154,13931,2274481,42677
putnam_1990_b1,1990,reviewed_accepted,Opus 5,Opus 5,xhigh,1,2,1,16,0,537,0.832500000,0.948017500,1.780517500,24,25763,456682,13857,26,28480,545675,15610,1056650,29467
putnam_1990_b2,1990,reviewed_accepted,Opus 5,Opus 5,xhigh,1,10,1,36,0,2035,2.833400000,1.398690500,4.232090500,60,69367,1720596,51167,42,37740,933711,22169,2761516,73336
putnam_1990_b3,1990,reviewed_accepted,Opus 5,Opus 5,xhigh,2,10,2,38,0,4560,2.466300000,3.949191500,6.415491500,66,57950,1841913,38621,132,100625,3449363,48704,5450049,87325
putnam_1990_b4,1990,reviewed_accepted,Opus 5,Opus 5,xhigh,1,20,1,67,0,3595,7.294400000,1.753856000,9.048256000,122,144060,6598551,102157,48,46139,1247252,26744,8036172,128901
putnam_1990_b5,1990,reviewed_accepted,Opus 5,Opus 5,xhigh,1,16,1,57,0,2417,4.442200000,1.152453000,5.594653000,104,88044,3955237,63346,40,33238,880296,15189,4956959,78535
putnam_1991_a2,1991,reviewed_accepted,Opus 5,Opus 5,xhigh,1,1,1,8,1,1529,0.474800000,0.978862000,1.453662000,14,27363,197505,4094,32,30087,631514,14483,886515,18577
putnam_1991_a3,1991,reviewed_accepted,Opus 5,Opus 5,xhigh,1,10,1,39,0,3763,3.212900000,1.114156500,4.327056500,68,78173,2134280,54549,32,32608,670833,18100,2915994,72649
putnam_1991_a4,1991,reviewed_accepted,Opus 5,Opus 5,xhigh,1,22,1,74,0,8715,8.182000000,2.630804500,10.812804500,138,149665,7601983,115347,70,65984,2192129,34982,10009969,150329
putnam_1991_a5,1991,reviewed_accepted,Opus 5,Opus 5,xhigh,1,7,1,50,0,6249,2.969400000,1.886393000,4.855793000,100,72593,2984193,30034,50,50915,1449986,26080,4557837,56114
putnam_1991_a6,1991,reviewed_accepted,Opus 5,Opus 5,xhigh,1,2,1,16,0,1586,0.737700000,0.610891500,1.348591500,26,22522,501616,10463,16,19252,294383,10844,837815,21307
putnam_1991_b1,1991,reviewed_accepted,Opus 5,Opus 5,xhigh,1,1,1,8,0,1079,1.159300000,0.679484000,1.838784000,14,36649,272424,26260,22,21290,370398,11251,700797,37511
putnam_1991_b2,1991,reviewed_accepted,Opus 5,Opus 5,xhigh,1,2,1,16,0,631,1.199400000,0.898692000,2.098092000,26,34743,521443,23644,30,25635,541484,14858,1123361,38502
putnam_1991_b4,1991,reviewed_accepted,Opus 5,Opus 5,xhigh,1,11,1,40,0,1156,2.271800000,0.931911500,3.203711500,72,52055,1898302,32071,32,28246,614783,13676,2593490,45747
putnam_1991_b5,1991,reviewed_accepted,Opus 5,Opus 5,xhigh,1,8,2,43,0,1781,3.687400000,1.016610000,4.704010000,74,90899,2389927,63325,24,34076,506710,16895,3021710,80220
putnam_1991_b6,1991,reviewed_accepted,Opus 5,Opus 5,xhigh,1,8,1,42,0,2847,3.834000000,1.165933000,4.999933000,76,85241,2697738,65294,28,37922,621346,19036,3442351,84330
putnam_1992_a1,1992,reviewed_accepted,Opus 5,Opus 5,xhigh,1,3,1,11,0,1832,0.548600000,1.018915000,1.567515000,22,18969,364273,7066,32,28492,606870,17216,1018658,24282
putnam_1992_a2,1992,reviewed_accepted,Opus 5,Opus 5,xhigh,1,10,1,37,0,1225,2.400800000,1.197415500,3.598215500,68,57491,1852277,35977,30,36064,661451,20236,2607381,56213
putnam_1992_a3,1992,reviewed_accepted,Opus 5,Opus 5,xhigh,1,9,1,32,0,1302,2.404800000,1.100165500,3.504965500,58,58853,1456191,43514,28,35701,593681,17847,2144512,61361
putnam_1992_a4,1992,reviewed_accepted,Opus 5,Opus 5,xhigh,1,10,1,39,0,3641,3.892500000,1.575374000,5.467874000,70,93403,2273014,72865,48,42655,1190418,22135,3599608,95000
putnam_1992_a5,1992,reviewed_accepted,Opus 5,Opus 5,xhigh,1,16,1,43,0,2101,2.770500000,1.435477500,4.205977500,86,55892,2414489,40156,38,36861,846455,25738,3353821,65894
putnam_1992_b1,1992,reviewed_accepted,Opus 5,Opus 5,xhigh,1,9,1,37,0,1214,1.788300000,0.646621500,2.434921500,68,40179,1632963,22786,22,22059,384343,9350,2079634,32136
putnam_1992_b2,1992,reviewed_accepted,Opus 5,Opus 5,xhigh,1,5,1,21,0,1382,1.010300000,0.908270000,1.918570000,36,28111,682274,15515,42,23220,721870,12597,1455553,28112
putnam_1992_b3,1992,reviewed_accepted,Opus 5,Opus 5,xhigh,1,7,1,35,0,2868,2.204800000,1.269826500,3.474626500,58,54150,1479843,36924,36,37884,792813,19776,2364784,56700
putnam_1992_b4,1992,reviewed_accepted,Opus 5,Opus 5,xhigh,1,32,1,107,0,9349,15.743800000,1.750784000,17.494584000,204,249731,16852451,192769,40,54991,1198498,24057,18355915,216826
putnam_1992_b5,1992,reviewed_accepted,Opus 5,Opus 5,xhigh,1,20,1,58,0,1573,3.464000000,1.312341500,4.776341500,112,69750,3726182,36115,40,39282,978393,17205,4813759,53320
putnam_1992_b6,1992,reviewed_accepted,Opus 5,Opus 5,xhigh,1,9,1,36,0,1425,2.607100000,0.989625500,3.596725500,62,63104,1855097,41930,28,30476,548851,16412,2497618,58342
putnam_1993_a1,1993,reviewed_accepted,Opus 5,Opus 5,xhigh,1,2,1,17,0,1548,1.773600000,0.960008000,2.733608000,24,51004,496585,40606,32,27355,605396,15344,1180396,55950
putnam_1993_a2,1993,reviewed_accepted,Opus 5,Opus 5,xhigh,1,1,1,7,0,414,0.373200000,0.729253500,1.102453500,14,14797,208283,4841,30,19406,507087,11260,749617,16101
putnam_1993_a3,1993,reviewed_accepted,Opus 5,Opus 5,xhigh,1,6,1,38,0,1473,3.161700000,1.403825000,4.565525000,68,71892,2146383,54770,44,36630,968610,22120,3223627,76890
putnam_1993_a4,1993,reviewed_accepted,Opus 5,Opus 5,xhigh,1,9,1,31,0,1829,2.225500000,1.617652000,3.843152000,54,52376,1492499,38208,44,51991,1180694,20287,2777658,58495
putnam_1993_a5,1993,reviewed_accepted,Opus 5,Opus 5,xhigh,2,13,2,48,0,3010,4.283400000,3.151482000,7.434882000,88,95772,3366665,65677,86,96220,2399654,39561,5958485,105238
putnam_1993_a6,1993,reviewed_accepted,Opus 5,Opus 5,xhigh,1,3,1,22,0,1395,3.099400000,1.252216500,4.351616500,44,78198,1458221,63522,40,36187,881993,17966,2454683,81488
putnam_1993_b1,1993,reviewed_accepted,Opus 5,Opus 5,xhigh,1,4,1,23,0,1153,0.942500000,0.642149000,1.584649000,38,25878,711359,13116,22,18629,359148,11047,1115074,24163
putnam_1993_b3,1993,reviewed_accepted,Opus 5,Opus 5,xhigh,1,21,1,65,0,3203,6.678400000,1.483958500,8.162358500,122,138821,5541810,100747,30,47590,786867,24579,6515240,125326
putnam_1993_b4,1993,reviewed_accepted,Opus 5,Opus 5,xhigh,1,9,1,32,0,2536,2.549200000,1.010287000,3.559487000,54,64508,1547376,45207,36,31818,756104,12555,2399896,57762
putnam_1993_b5,1993,reviewed_accepted,Opus 5,Opus 5,xhigh,1,2,1,18,0,980,1.206200000,1.198086000,2.404286000,28,33826,563427,23443,30,35154,631642,21223,1264107,44666
putnam_1993_b6,1993,reviewed_accepted,Opus 5,Opus 5,xhigh,1,2,1,19,0,1674,4.205600000,1.673641500,5.879241500,38,103924,1774702,91154,40,46014,1055153,27429,2979871,118583
putnam_1994_a1,1994,reviewed_accepted,Opus 5,Opus 5,xhigh,1,9,1,31,0,2270,1.547400000,1.299646000,2.847046000,52,37583,1097595,24899,38,37362,847622,20081,2020252,44980
putnam_1994_a3,1994,reviewed_accepted,Opus 5,Opus 5,xhigh,1,7,1,35,0,1803,3.553300000,1.020384000,4.573684000,60,84018,2294359,62626,38,28109,749708,14570,3156292,77196
putnam_1994_a4,1994,reviewed_accepted,Opus 5,Opus 5,xhigh,1,4,1,19,0,1503,1.177900000,1.594254000,2.772154000,30,33027,604844,21804,44,46626,1041498,24281,1726069,46085
putnam_1994_a5,1994,reviewed_accepted,Opus 5,Opus 5,xhigh,1,4,1,18,0,888,1.632600000,1.222305000,2.854905000,32,43256,818731,31622,38,35474,916950,16356,1814481,47978
putnam_1994_a6,1994,reviewed_accepted,Opus 5,Opus 5,xhigh,1,11,1,39,0,2976,4.624300000,1.318461500,5.942761500,68,103145,3065674,82387,28,38303,722933,22953,3930151,105340
putnam_1994_b1,1994,reviewed_accepted,Opus 5,Opus 5,xhigh,1,2,1,24,0,1384,2.183700000,0.932274500,3.115974500,44,58561,1111676,41680,26,27918,512229,15874,1710454,57554
putnam_1994_b2,1994,reviewed_accepted,Opus 5,Opus 5,xhigh,1,5,1,22,0,1108,1.943100000,0.880661500,2.823761500,36,52686,823128,40180,26,28156,496543,14028,1400575,54208
putnam_1994_b3,1994,reviewed_accepted,Opus 5,Opus 5,xhigh,1,1,1,16,0,564,1.030600000,0.722323500,1.752923500,26,32602,481475,18549,20,23994,336067,12570,874184,31119
putnam_1994_b4,1994,reviewed_accepted,Opus 5,Opus 5,xhigh,1,3,1,20,0,1223,1.743700000,1.027460500,2.771160500,40,47875,970007,31190,30,31051,568401,17304,1617404,48494
putnam_1994_b5,1994,reviewed_accepted,Opus 5,Opus 5,xhigh,1,7,1,26,0,1659,1.594600000,1.138332000,2.732932000,44,40662,1009556,27319,30,37530,607314,18369,1695136,45688
putnam_1994_b6,1994,reviewed_accepted,Opus 5,Opus 5,xhigh,1,9,1,31,0,1596,2.281500000,1.105448500,3.386948500,56,55574,1490489,39210,34,31554,692477,17740,2270184,56950
putnam_1995_a1,1995,reviewed_accepted,Opus 5,Opus 5,xhigh,1,1,1,8,0,403,0.333600000,0.585766000,0.919366000,14,14043,206487,3594,26,17161,421002,8141,658733,11735
putnam_1995_a2,1995,reviewed_accepted,Opus 5,Opus 5,xhigh,1,19,1,58,0,2745,5.616600000,1.305557500,6.922157500,112,117388,4472574,88233,34,41029,813995,19524,5445132,107757
putnam_1995_a3,1995,reviewed_accepted,Opus 5,Opus 5,xhigh,1,3,1,16,0,1482,0.845700000,0.746791500,1.592491500,26,25353,475333,14173,34,19778,576933,10415,1097457,24588
putnam_1995_a4,1995,reviewed_accepted,Opus 5,Opus 5,xhigh,1,7,1,30,0,1397,2.219900000,0.932317000,3.152217000,60,55112,1447114,37797,34,27775,648844,13199,2178939,50996
putnam_1995_a5,1995,reviewed_accepted,Opus 5,Opus 5,xhigh,1,5,1,32,0,1277,3.328300000,0.917168500,4.245468500,50,85111,1704428,64988,28,28978,553447,14021,2372042,79009
putnam_1995_a6,1995,reviewed_accepted,Opus 5,Opus 5,xhigh,1,24,1,67,0,4735,8.180500000,1.659487500,9.839987500,126,150541,7145293,124073,46,52424,1217635,21048,8566065,145121
putnam_1995_b1,1995,reviewed_accepted,Opus 5,Opus 5,xhigh,1,16,1,51,0,1958,3.799400000,1.372149000,5.171549000,92,81526,3210869,55131,38,42445,945968,18981,4280938,74112
putnam_1995_b3,1995,reviewed_accepted,Opus 5,Opus 5,xhigh,1,9,1,35,0,2525,4.922200000,1.344012500,6.266212500,64,123925,2664840,94007,34,38184,843155,21617,3670202,115624
putnam_1995_b4,1995,reviewed_accepted,Opus 5,Opus 5,xhigh,1,3,1,18,0,813,0.863200000,1.227805000,2.091005000,36,23060,670832,11879,38,33986,795310,19604,1523262,31483
putnam_1995_b6,1995,reviewed_accepted,Opus 5,Opus 5,xhigh,1,11,1,55,0,2674,6.841400000,1.554839000,8.396239000,102,137544,5507300,108470,30,55383,825868,23517,6526227,131987
putnam_1996_a2,1996,reviewed_accepted,Opus 5,Opus 5,xhigh,1,10,1,39,0,2910,2.439200000,1.171383000,3.610583000,68,62414,1732807,37931,32,34603,659886,19810,2489810,57741
putnam_1996_a3,1996,reviewed_accepted,Opus 5,Opus 5,xhigh,1,2,1,10,0,741,0.653400000,0.889870500,1.543270500,18,21766,303702,11351,32,24556,576251,14241,926325,25592
putnam_1996_a4,1996,reviewed_accepted,Opus 5,Opus 5,xhigh,1,2,1,10,0,877,1.345200000,1.108996000,2.454196000,20,40445,456753,28492,32,31996,644552,18664,1173798,47156
putnam_1996_a5,1996,reviewed_accepted,Opus 5,Opus 5,xhigh,1,9,1,38,0,1847,3.411700000,1.185541000,4.597241000,66,84398,2105371,60588,30,36083,663172,19719,2889120,80307
putnam_1996_a6,1996,reviewed_accepted,Opus 5,Opus 5,xhigh,1,7,1,28,0,1578,3.293400000,1.029593500,4.322993500,46,87570,1472152,67256,28,29996,605537,17069,2195329,84325
putnam_1996_b1,1996,reviewed_accepted,Opus 5,Opus 5,xhigh,1,18,1,54,0,3993,4.103400000,0.975080000,5.078480000,100,101300,3561613,52363,24,33416,544300,14746,4240753,67109
putnam_1996_b2,1996,reviewed_accepted,Opus 5,Opus 5,xhigh,1,3,1,18,0,1705,2.037200000,1.043079500,3.080279500,28,74306,751500,36729,28,37259,648449,13845,1511570,50574
putnam_1996_b3,1996,reviewed_accepted,Opus 5,Opus 5,xhigh,1,14,1,43,1,2863,5.645300000,1.601991500,7.247291500,76,180526,3075896,92068,36,46544,961543,26224,4264621,118292
putnam_1996_b4,1996,reviewed_accepted,Opus 5,Opus 5,xhigh,1,9,1,40,0,3147,2.471500000,1.287131500,3.758631500,72,59326,1907987,36957,42,35178,877983,19846,2880588,56803
putnam_1996_b5,1996,reviewed_accepted,Opus 5,Opus 5,xhigh,1,8,1,35,0,2485,4.711500000,1.837092000,6.548592000,64,110281,2887409,86588,46,49454,1263544,28422,4310798,115010
putnam_1997_a3,1997,reviewed_accepted,Opus 5,Opus 5,xhigh,1,17,1,63,0,2710,4.807800000,1.336910000,6.144710000,112,98893,4090052,70931,42,42373,917490,18169,5148962,89100
putnam_1997_a4,1997,reviewed_accepted,Opus 5,Opus 5,xhigh,1,1,1,9,0,809,0.536800000,0.639876000,1.176676000,18,18228,292030,8335,20,22873,317142,10099,650311,18434
putnam_1997_a5,1997,reviewed_accepted,Opus 5,Opus 5,xhigh,1,20,1,70,0,3247,6.609600000,1.288255500,7.897855500,132,121802,6468923,86259,30,44118,658351,20710,7293356,106969
putnam_1997_a6,1997,reviewed_accepted,Opus 5,Opus 5,xhigh,1,10,1,32,0,2020,2.494100000,1.726070500,4.220170500,60,57592,1680837,43097,38,53815,978611,27937,2770953,71034
putnam_1997_b1,1997,reviewed_accepted,Opus 5,Opus 5,xhigh,1,3,1,32,0,1579,3.573400000,1.340068500,4.913468500,50,92293,1502463,75960,46,35454,1074147,17929,2704453,93889
putnam_1997_b2,1997,reviewed_accepted,Opus 5,Opus 5,xhigh,1,5,1,30,0,1335,1.509000000,0.739876500,2.248876500,54,38941,1286239,19047,22,26783,432673,10224,1784712,29271
putnam_1997_b3,1997,reviewed_accepted,Opus 5,Opus 5,xhigh,1,9,1,49,0,3351,5.164600000,3.273918000,8.438518000,90,107131,3901016,85692,4,5705,182406,652,4196352,86344
putnam_1997_b4,1997,reviewed_accepted,Opus 5,Opus 5,xhigh,1,3,1,31,0,1610,4.167600000,1.066575500,5.234175500,46,104532,1857022,87743,28,34548,600861,16821,2597037,104564
putnam_1997_b5,1997,reviewed_accepted,Opus 5,Opus 5,xhigh,2,9,2,35,0,1584,2.154700000,1.821168000,3.975868000,60,79493,1378656,26807,60,54289,1123156,28656,2635714,55463
putnam_1998_a2,1998,reviewed_accepted,Opus 5,Opus 5,xhigh,1,16,1,56,0,2294,4.601800000,1.644244000,6.246044000,104,96406,3907057,67348,42,50075,1176618,22199,5230302,89547
putnam_1998_a3,1998,reviewed_accepted,Opus 5,Opus 5,xhigh,1,5,1,26,0,1191,2.150000000,0.803008000,2.953008000,42,60410,1117518,39478,28,21133,500076,13660,1699207,53138
putnam_1998_a4,1998,reviewed_accepted,Opus 5,Opus 5,xhigh,1,11,1,33,0,2990,2.333100000,1.241819000,3.574919000,60,55446,1672355,37685,32,33525,755968,21137,2517386,58822
putnam_1998_a5,1998,reviewed_accepted,Opus 5,Opus 5,xhigh,1,1,1,12,0,712,0.742200000,0.986208500,1.728408500,18,24392,295203,14023,28,31006,543717,16166,894364,30189
putnam_1998_a6,1998,reviewed_accepted,Opus 5,Opus 5,xhigh,1,23,1,69,1,3068,7.324500000,1.471149500,8.795649500,124,194508,5827362,98604,38,46613,932959,21534,7001604,120138
putnam_1998_b1,1998,reviewed_accepted,Opus 5,Opus 5,xhigh,1,2,1,15,0,1520,0.578000000,0.769560500,1.347560500,26,17913,429686,7357,32,20649,539921,11718,1008227,19075
putnam_1998_b2,1998,reviewed_accepted,Opus 5,Opus 5,xhigh,1,3,1,18,0,1212,1.714100000,1.191601000,2.905701000,32,51814,829371,31245,30,38112,663712,19139,1583071,50384
putnam_1998_b4,1998,reviewed_accepted,Opus 5,Opus 5,xhigh,1,11,1,40,0,1640,2.946800000,1.331807000,4.278607000,72,65239,2200871,47744,32,41106,742974,21964,3050294,69708
putnam_1998_b5,1998,reviewed_accepted,Opus 5,Opus 5,xhigh,1,2,1,18,0,855,1.244000000,0.715985500,1.959985500,28,36117,569378,23920,32,20277,550261,9517,1176093,33437
putnam_1998_b6,1998,reviewed_accepted,Opus 5,Opus 5,xhigh,1,2,1,15,0,1097,1.550400000,1.148980500,2.699380500,22,44002,527095,33869,32,36997,700801,17138,1308949,51007
putnam_1999_a1,1999,reviewed_accepted,Opus 5,Opus 5,xhigh,1,2,1,13,0,333,0.481200000,0.509975500,0.991175500,22,15766,390709,5122,20,14430,341301,7797,762248,12919
putnam_1999_a2,1999,reviewed_accepted,Opus 5,Opus 5,xhigh,1,4,1,26,0,925,1.616300000,1.498769500,3.115069500,42,42727,914661,29259,42,47242,1048429,20077,2053143,49336
putnam_1999_a3,1999,reviewed_accepted,Opus 5,Opus 5,xhigh,1,10,1,38,0,1934,4.117500000,1.653861500,5.771361500,66,94421,2405957,78800,36,55942,937373,25023,3493795,103823
putnam_1999_a4,1999,reviewed_accepted,Opus 5,Opus 5,xhigh,1,6,1,24,0,1801,1.640600000,0.892071500,2.532671500,42,44975,882484,29977,24,29462,455613,14781,1412600,44758
putnam_1999_a5,1999,reviewed_accepted,Opus 5,Opus 5,xhigh,1,11,1,40,0,1734,3.079700000,0.769037000,3.848737000,74,69421,2299471,49417,24,25114,436854,11974,2830958,61391
putnam_1999_a6,1999,reviewed_accepted,Opus 5,Opus 5,xhigh,1,6,1,25,0,1300,1.782800000,1.549675500,3.332475500,42,46010,973938,33422,40,44418,926641,25679,1991089,59101
putnam_1999_b2,1999,reviewed_accepted,Opus 5,Opus 5,xhigh,1,4,1,27,0,1303,2.626500000,1.160733500,3.787233500,40,75010,1103795,52973,28,35686,586667,20416,1801226,73389
putnam_1999_b3,1999,reviewed_accepted,Opus 5,Opus 5,xhigh,1,10,1,36,0,1775,3.658900000,1.516744500,5.175644500,64,88910,2238407,66010,38,45534,928879,23871,3301832,89881
putnam_1999_b4,1999,reviewed_accepted,Opus 5,Opus 5,xhigh,1,11,1,40,0,3075,2.631300000,1.355347000,3.986647000,74,56455,2300095,36652,32,41778,803364,21429,3201798,58081
putnam_1999_b5,1999,reviewed_accepted,Opus 5,Opus 5,xhigh,1,10,1,41,0,3002,2.767700000,0.931696000,3.699396000,74,65381,2171106,41118,26,31704,524802,14085,2793093,55203
putnam_1999_b6,1999,reviewed_accepted,Opus 5,Opus 5,xhigh,1,3,1,20,0,1502,2.015900000,0.907760000,2.923660000,30,57010,767878,42468,32,27578,601690,13239,1454218,55707
putnam_2000_a1,2000,reviewed_accepted,Opus 5,Opus 5,xhigh,1,7,1,31,0,1998,1.499600000,0.768855500,2.268455500,58,38880,1199716,20426,30,22908,508001,11425,1769593,31851
putnam_2000_a2,2000,reviewed_accepted,Opus 5,Opus 5,xhigh,1,3,1,13,0,446,0.674600000,0.528811000,1.203411000,24,21658,420770,9901,22,20485,358402,5786,821361,15687
putnam_2000_a4,2000,reviewed_accepted,Opus 5,Opus 5,xhigh,1,3,1,23,0,970,1.977300000,0.992153000,2.969453000,38,53042,967518,38518,28,34954,576396,14171,1631976,52689
putnam_2000_a5,2000,reviewed_accepted,Opus 5,Opus 5,xhigh,1,9,1,31,0,1957,3.041800000,1.293051000,4.334851000,54,68660,1927086,55655,30,40487,665812,22205,2702129,77860
putnam_2000_a6,2000,reviewed_accepted,Opus 5,Opus 5,xhigh,1,5,1,22,0,863,1.093100000,0.904426500,1.997526500,38,28809,735059,17493,22,31263,429323,15081,1224514,32574
putnam_2000_b1,2000,reviewed_accepted,Opus 5,Opus 5,xhigh,1,7,1,25,0,1455,1.393400000,0.950385500,2.343785500,50,33211,1117903,20084,36,26510,669711,14010,1847421,34094
putnam_2000_b2,2000,reviewed_accepted,Opus 5,Opus 5,xhigh,1,2,1,16,0,886,0.698300000,0.566213000,1.264513000,26,21532,432548,10663,22,16590,350856,8991,821574,19654
putnam_2000_b3,2000,reviewed_accepted,Opus 5,Opus 5,xhigh,1,32,1,81,1,8993,12.627000000,2.219722500,14.846722500,154,313724,9722523,185106,40,71442,1374605,32712,11482488,217818
putnam_2000_b4,2000,reviewed_accepted,Opus 5,Opus 5,xhigh,1,11,1,37,0,3187,2.797900000,1.268093500,4.065993500,66,61240,2128981,44827,34,36052,739957,21497,2966330,66324
putnam_2000_b5,2000,reviewed_accepted,Opus 5,Opus 5,xhigh,1,1,1,16,0,682,0.685300000,0.995849000,1.681149000,24,21377,408788,10682,36,26233,667178,15990,1123636,26672
putnam_2001_a1,2001,reviewed_accepted,Opus 5,Opus 5,xhigh,1,1,1,9,0,500,0.284400000,0.546676000,0.831076000,16,12200,230686,1880,28,14604,429042,7439,686576,9319
putnam_2001_a3,2001,reviewed_accepted,Opus 5,Opus 5,xhigh,1,5,2,34,0,2190,3.559000000,1.864024000,5.423024000,60,85043,2363715,61056,46,55073,1237678,27769,3741615,88825
putnam_2001_a5,2001,reviewed_accepted,Opus 5,Opus 5,xhigh,1,11,1,35,0,1769,2.345500000,1.236639500,3.582139500,62,49834,1701094,39853,34,37679,764259,19102,2552962,58955
putnam_2001_b1,2001,reviewed_accepted,Opus 5,Opus 5,xhigh,1,1,1,7,0,1200,0.790100000,0.870620000,1.660720000,14,26090,266718,15831,30,26350,622390,11831,941592,27662
putnam_2001_b2,2001,reviewed_accepted,Opus 5,Opus 5,xhigh,1,2,1,18,0,784,1.208600000,1.025846000,2.234446000,26,36011,536121,23212,32,28025,613072,17556,1213287,40768
putnam_2001_b3,2001,reviewed_accepted,Opus 5,Opus 5,xhigh,1,11,1,34,0,2028,3.769500000,1.446754000,5.216254000,68,85817,2338649,69668,40,43928,975298,20785,3443800,90453
putnam_2001_b4,2001,reviewed_accepted,Opus 5,Opus 5,xhigh,1,12,1,48,0,3090,2.910600000,2.392489000,5.303089000,84,62404,2364871,44150,90,52554,2472598,25208,4952601,69358
putnam_2001_b5,2001,reviewed_accepted,Opus 5,Opus 5,xhigh,1,10,1,46,0,2726,6.952700000,1.269556000,8.222256000,82,150055,4501346,128043,32,36897,712202,21773,5400614,149816
putnam_2001_b6,2001,reviewed_accepted,Opus 5,Opus 5,xhigh,1,8,1,31,0,1547,1.708200000,1.265505500,2.973705500,54,43958,1277366,25188,40,35165,870261,19141,2226844,44329
putnam_2002_a1,2002,reviewed_accepted,Opus 5,Opus 5,xhigh,1,1,1,18,0,1097,1.612800000,0.940801000,2.553601000,26,49388,524583,34260,28,30332,544982,14594,1149339,48854
putnam_2002_a2,2002,reviewed_accepted,Opus 5,Opus 5,xhigh,1,8,1,29,0,1298,1.563900000,0.879662500,2.443562500,52,40603,1168789,22928,28,26664,542515,13665,1778651,36593
putnam_2002_a3,2002,reviewed_accepted,Opus 5,Opus 5,xhigh,1,6,1,31,0,1660,3.589200000,1.233267500,4.822467500,56,82926,2140333,67581,36,36139,880395,17260,3139885,84841
putnam_2002_a5,2002,reviewed_accepted,Opus 5,Opus 5,xhigh,1,4,1,13,0,1163,0.919600000,1.135919500,2.055519500,26,26911,485318,16308,36,31759,710649,18513,1254699,34821
putnam_2002_a6,2002,reviewed_accepted,Opus 5,Opus 5,xhigh,1,16,1,52,0,2911,5.136800000,1.549467000,6.686267000,96,115096,4060388,78206,36,45185,866674,26564,5087475,104770
putnam_2002_b3,2002,reviewed_accepted,Opus 5,Opus 5,xhigh,1,4,1,28,0,1880,2.531200000,0.799810500,3.331010500,46,63115,1407355,47847,30,25186,530101,11310,2025833,59157
putnam_2002_b5,2002,reviewed_accepted,Opus 5,Opus 5,xhigh,1,4,1,21,0,1102,2.113600000,0.925668000,3.039268000,34,58241,930828,42625,36,26467,700136,12430,1715742,55055
putnam_2002_b6,2002,reviewed_accepted,Opus 5,Opus 5,xhigh,1,26,1,76,0,3749,8.492900000,1.688954500,10.181854500,140,154725,7833152,121135,36,52587,1006659,26383,9047299,147518
putnam_2003_a1,2003,reviewed_accepted,Opus 5,Opus 5,xhigh,1,7,1,26,0,1297,2.859800000,0.998961000,3.858761000,48,70261,1509538,56087,28,33563,571682,15094,2185120,71181
putnam_2003_a2,2003,reviewed_accepted,Opus 5,Opus 5,xhigh,1,4,1,27,0,787,1.333000000,1.039873000,2.372873000,44,38318,916183,19660,50,24091,934626,13256,1913312,32916
putnam_2003_a3,2003,reviewed_accepted,Opus 5,Opus 5,xhigh,1,5,1,22,0,2340,1.961500000,1.057660500,3.019160500,40,47660,1153535,36317,30,30995,676171,16379,1908431,52696
putnam_2003_a4,2003,reviewed_accepted,Opus 5,Opus 5,xhigh,1,7,1,31,0,2337,3.222400000,1.237673500,4.460073500,52,81339,1976018,56828,34,35627,828867,18672,2921937,75500
putnam_2003_a5,2003,reviewed_accepted,Opus 5,Opus 5,xhigh,1,16,1,51,0,3091,7.937900000,2.440666000,10.378566000,102,154215,6034860,135113,44,78451,1556972,35098,7824644,170211
putnam_2003_a6,2003,reviewed_accepted,Opus 5,Opus 5,xhigh,1,12,1,36,0,3167,3.281100000,1.068085000,4.349185000,66,74864,2145205,58380,30,35001,640400,15909,2895566,74289
putnam_2003_b1,2003,reviewed_accepted,Opus 5,Opus 5,xhigh,1,1,1,7,0,1483,0.517300000,1.692489000,2.209789000,14,18745,219047,8812,58,44333,1408288,21789,1690485,30601
putnam_2003_b2,2003,reviewed_accepted,Opus 5,Opus 5,xhigh,1,8,1,26,0,1048,2.347700000,1.004468500,3.352168500,52,55184,1489635,42030,36,31947,743237,12528,2320091,54558
putnam_2003_b3,2003,reviewed_accepted,Opus 5,Opus 5,xhigh,1,7,1,36,0,1623,2.291800000,1.367521500,3.659321500,62,58303,1666956,35001,38,40197,837323,21868,2602879,56869
putnam_2003_b4,2003,reviewed_accepted,Opus 5,Opus 5,xhigh,1,1,1,12,0,714,0.890500000,0.778695000,1.669195000,18,27952,337232,17689,22,22121,379200,14711,766545,32400
putnam_2003_b5,2003,reviewed_accepted,Opus 5,Opus 5,xhigh,1,1,1,19,0,1621,1.347100000,1.659320000,3.006420000,32,46737,757558,20033,44,48064,1206070,23017,2058505,43050
putnam_2003_b6,2003,reviewed_accepted,Opus 5,Opus 5,xhigh,1,12,1,46,0,2624,4.151900000,1.262174000,5.414074000,78,93513,2804866,72559,32,44887,799938,16527,3743314,89086
putnam_2004_a1,2004,reviewed_accepted,Opus 5,Opus 5,xhigh,1,2,1,11,0,769,1.117200000,0.945257500,2.062457500,22,32674,504947,21517,24,33128,516115,14232,1086910,35749
putnam_2004_a3,2004,reviewed_accepted,Opus 5,Opus 5,xhigh,1,2,1,10,0,1242,0.734100000,0.853618500,1.587718500,18,24182,318806,13310,26,25113,475267,14589,843412,27899
putnam_2004_a4,2004,reviewed_accepted,Opus 5,Opus 5,xhigh,1,8,1,44,0,1376,2.896600000,0.997327500,3.893927500,70,71383,2122655,44843,40,30364,789675,11946,3014187,56789
putnam_2004_a5,2004,reviewed_accepted,Opus 5,Opus 5,xhigh,1,16,1,59,0,3311,9.042100000,1.893830500,10.935930500,94,196077,6015715,162919,46,55072,1390211,25911,7657215,188830
putnam_2004_a6,2004,reviewed_accepted,Opus 5,Opus 5,xhigh,1,12,1,44,0,1561,3.991800000,1.149583500,5.141383500,78,97946,2593185,68614,34,40084,703447,15874,3434774,84488
putnam_2004_b1,2004,reviewed_accepted,Opus 5,Opus 5,xhigh,1,6,1,29,0,1181,2.148800000,0.919712000,3.068512000,52,50603,1381259,38076,24,28154,462854,16265,1922946,54341
putnam_2004_b2,2004,reviewed_accepted,Opus 5,Opus 5,xhigh,1,4,1,19,0,1294,1.129800000,0.686026500,1.815826500,32,34462,696717,17468,26,18955,484743,10159,1234935,27627
putnam_2004_b4,2004,reviewed_accepted,Opus 5,Opus 5,xhigh,1,1,1,14,0,505,0.732300000,0.680089500,1.412389500,20,23832,326899,13219,26,22476,439499,9418,812752,22637
putnam_2004_b5,2004,reviewed_accepted,Opus 5,Opus 5,xhigh,1,10,1,33,0,1653,2.809800000,1.165767000,3.975567000,60,66107,1724635,51443,36,34894,777694,17112,2603426,68555
putnam_2004_b6,2004,reviewed_accepted,Opus 5,Opus 5,xhigh,1,7,1,26,0,2103,2.348800000,1.024364500,3.373164500,52,54150,1514754,41985,36,30635,717269,14368,2316896,56353
putnam_2005_a1,2005,reviewed_accepted,Opus 5,Opus 5,xhigh,1,6,1,34,0,1592,2.233700000,1.313357500,3.547057500,58,55645,1491696,37243,38,36212,817345,21695,2400994,58938
putnam_2005_a2,2005,reviewed_accepted,Opus 5,Opus 5,xhigh,1,29,1,106,0,7316,23.846400000,1.314890500,25.161290500,184,359834,19522750,402306,54,41102,1074301,14658,20998225,416964
putnam_2005_a3,2005,reviewed_accepted,Opus 5,Opus 5,xhigh,1,7,1,35,1,2848,3.898200000,0.912666000,4.810866000,58,144887,1890866,60141,32,28657,593372,13170,2657872,73311
putnam_2005_a4,2005,reviewed_accepted,Opus 5,Opus 5,xhigh,1,4,1,25,0,1370,1.098000000,1.150413500,2.248413500,44,32422,859873,13743,50,29924,949247,15052,1871560,28795
putnam_2005_a5,2005,reviewed_accepted,Opus 5,Opus 5,xhigh,1,9,1,35,0,1422,2.160700000,0.685838000,2.846538000,62,54610,1761116,29348,28,20472,532906,8581,2369194,37929
putnam_2005_b1,2005,reviewed_accepted,Opus 5,Opus 5,xhigh,1,6,1,19,0,439,0.613900000,0.696133500,1.310033500,36,17580,592472,5669,26,25332,446867,8770,1082313,14439
putnam_2005_b2,2005,reviewed_accepted,Opus 5,Opus 5,xhigh,1,16,1,46,0,1931,3.019100000,1.677378000,4.696478000,86,70332,2617415,40267,40,49010,1019706,27089,3756589,67356
putnam_2005_b3,2005,reviewed_accepted,Opus 5,Opus 5,xhigh,1,8,1,34,0,2981,2.487200000,1.723247000,4.210447000,60,61488,1593392,43014,50,50400,1236094,24038,2941484,67052
putnam_2005_b4,2005,reviewed_accepted,Opus 5,Opus 5,xhigh,1,5,1,23,0,1295,2.321900000,1.163430000,3.485330000,40,62289,1013996,47673,34,37681,771000,16038,1885040,63711
putnam_2005_b5,2005,reviewed_accepted,Opus 5,Opus 5,xhigh,1,6,1,32,0,1491,2.624500000,1.802570500,4.427070500,50,71774,1490045,46458,52,47529,1309791,26885,2919241,73343
putnam_2005_b6,2005,reviewed_accepted,Opus 5,Opus 5,xhigh,1,7,1,31,0,1339,3.003100000,1.137716500,4.140816500,62,72035,1959917,52100,28,40487,590263,17503,2662792,69603
putnam_2006_a1,2006,reviewed_accepted,Opus 5,Opus 5,xhigh,1,13,1,51,0,2032,3.802500000,0.986943000,4.789443000,90,87225,3171155,53768,28,33029,559826,15064,3851353,68832
putnam_2006_a3,2006,reviewed_accepted,Opus 5,Opus 5,xhigh,1,2,1,16,0,1211,2.959800000,1.700408500,4.660208500,24,79215,904930,68601,46,47872,1251267,23833,2283354,92434
putnam_2006_a4,2006,reviewed_accepted,Opus 5,Opus 5,xhigh,1,5,1,27,0,2219,3.438300000,1.804782500,5.243082500,40,87957,1656312,69213,40,52566,1165045,27856,2961960,97069
putnam_2006_a5,2006,reviewed_accepted,Opus 5,Opus 5,xhigh,1,15,1,50,0,4386,5.646900000,1.420914000,7.067814000,90,123920,4002805,96232,44,42386,1049168,18890,5218413,115122
putnam_2006_b1,2006,reviewed_accepted,Opus 5,Opus 5,xhigh,1,16,1,75,0,4821,6.165200000,1.549615500,7.714815500,138,130958,5744186,79315,42,43291,1004391,24572,6923006,103887
putnam_2006_b2,2006,reviewed_accepted,Opus 5,Opus 5,xhigh,1,5,1,19,0,1230,1.592600000,0.958608500,2.551208500,34,42161,783004,31171,32,27435,640997,14544,1493663,45715
putnam_2006_b3,2006,reviewed_accepted,Opus 5,Opus 5,xhigh,1,15,1,50,0,2939,8.144200000,1.879213000,10.023413000,90,172189,5516759,146538,32,75943,1045146,23882,6810159,170420
putnam_2006_b4,2006,reviewed_accepted,Opus 5,Opus 5,xhigh,1,8,1,37,0,1506,2.806400000,1.029232500,3.835632500,64,68202,1991495,45134,22,37435,435995,17471,2533213,62605
putnam_2006_b5,2006,reviewed_accepted,Opus 5,Opus 5,xhigh,2,3,2,21,0,921,0.894100000,0.441730500,1.335830500,32,39995,528032,9199,22,13598,332481,5576,914160,14775
putnam_2006_b6,2006,reviewed_accepted,Opus 5,Opus 5,xhigh,1,3,1,21,0,1209,1.595500000,1.191914500,2.787414500,36,44875,873594,28391,26,38892,614929,19816,1572352,48207
putnam_2007_a1,2007,reviewed_accepted,Opus 5,Opus 5,xhigh,1,2,1,9,0,959,1.441500000,1.056647500,2.498147500,18,42789,412694,32285,22,33217,427785,20419,916525,52704
putnam_2007_a2,2007,reviewed_accepted,Opus 5,Opus 5,xhigh,1,14,1,51,0,1764,6.123300000,1.557825500,7.681125500,88,133039,4167653,108347,34,54818,1000501,20369,5356133,128716
putnam_2007_a3,2007,reviewed_accepted,Opus 5,Opus 5,xhigh,1,30,1,101,0,8431,14.400200000,1.374683500,15.774883500,192,222115,15138540,184353,42,48463,1102337,13547,16511689,197900
putnam_2007_a4,2007,reviewed_accepted,Opus 5,Opus 5,xhigh,1,15,1,59,0,2508,4.517600000,1.411897000,5.929497000,108,95445,3878007,64943,32,48149,761744,21975,4783485,86918
putnam_2007_a5,2007,reviewed_accepted,Opus 5,Opus 5,xhigh,1,10,1,37,0,1793,2.454100000,1.457156500,3.911256500,64,64182,1503758,42404,38,43298,846623,24027,2457963,66431
putnam_2007_b1,2007,reviewed_accepted,Opus 5,Opus 5,xhigh,1,2,1,14,0,527,0.575200000,0.586400000,1.161600000,24,18169,391452,7905,26,15424,414660,8988,839755,16893
putnam_2007_b2,2007,reviewed_accepted,Opus 5,Opus 5,xhigh,1,11,1,40,0,1557,2.750000000,1.299969500,4.049969500,70,64852,2125090,41543,44,36288,960739,18260,3187083,59803
putnam_2007_b3,2007,reviewed_accepted,Opus 5,Opus 5,xhigh,1,13,1,42,0,3786,3.990600000,1.188643500,5.179243500,76,87033,2944157,65912,34,33324,806767,18074,3871391,83986
putnam_2007_b4,2007,reviewed_accepted,Opus 5,Opus 5,xhigh,1,20,1,65,0,3948,7.214900000,1.305219500,8.520119500,118,143822,6010764,107089,32,45108,757559,19008,6957403,126097
putnam_2007_b5,2007,reviewed_accepted,Opus 5,Opus 5,xhigh,1,4,1,23,0,1356,1.787200000,1.377285500,3.164485500,34,50226,739140,36609,48,38353,1067131,18398,1894932,55007
putnam_2007_b6,2007,reviewed_accepted,Opus 5,Opus 5,xhigh,1,25,1,64,0,7351,7.360900000,1.196014500,8.556914500,118,134667,6414693,112252,26,39980,601469,19814,7190953,132066
putnam_2008_a1,2008,reviewed_accepted,Opus 5,Opus 5,xhigh,1,1,1,7,0,503,0.273900000,0.466325500,0.740225500,14,12005,200395,2143,22,14304,328701,6353,555441,8496
putnam_2008_a3,2008,reviewed_accepted,Opus 5,Opus 5,xhigh,1,3,1,26,0,1425,3.959500000,1.358417000,5.317917000,44,101563,1738490,82978,38,41866,883584,19911,2765585,102889
putnam_2008_a4,2008,reviewed_accepted,Opus 5,Opus 5,xhigh,1,12,1,40,0,2679,4.079100000,1.141257500,5.220357500,72,88973,2710637,73348,26,43271,605185,16233,3448164,89581
putnam_2008_a5,2008,reviewed_accepted,Opus 5,Opus 5,xhigh,1,6,1,33,0,1486,2.410000000,1.095871500,3.505871500,54,62864,1552373,40195,42,28795,824123,15826,2468251,56021
putnam_2008_a6,2008,reviewed_accepted,Opus 5,Opus 5,xhigh,1,2,1,23,0,2744,2.182900000,1.850621500,4.033521500,34,57054,979752,44893,40,55080,1175393,28477,2267353,73370
putnam_2008_b1,2008,reviewed_accepted,Opus 5,Opus 5,xhigh,1,14,1,47,0,2010,3.244400000,2.013917000,5.258317000,88,72503,2728612,46183,52,66258,1590554,22232,4458067,68415
putnam_2008_b2,2008,reviewed_accepted,Opus 5,Opus 5,xhigh,1,6,1,43,0,1288,3.153200000,1.325348500,4.478548500,80,85219,2353540,44952,24,42621,533687,25287,3015171,70239
putnam_2008_b3,2008,reviewed_accepted,Opus 5,Opus 5,xhigh,1,21,1,67,0,6201,4.992000000,1.267693500,6.259693500,126,102332,4852935,61662,42,38439,970487,15914,5964361,77576
putnam_2008_b4,2008,reviewed_accepted,Opus 5,Opus 5,xhigh,1,5,1,22,0,1269,1.616100000,1.273998500,2.890098500,36,44176,808097,30804,40,37335,883047,18357,1772731,49161
putnam_2008_b5,2008,reviewed_accepted,Opus 5,Opus 5,xhigh,1,16,1,48,0,2454,5.203100000,1.475280500,6.678380500,88,110187,3987113,84290,40,44054,1001981,21342,5143463,105632
putnam_2008_b6,2008,reviewed_accepted,Opus 5,Opus 5,xhigh,1,15,1,55,0,2591,7.112800000,1.807365500,8.920165500,100,150569,5108196,122101,46,59183,1341461,21783,6659555,143884
putnam_2009_a1,2009,reviewed_accepted,Opus 5,Opus 5,xhigh,1,1,1,8,0,551,0.412500000,0.709850500,1.122350500,14,16137,212822,5785,26,20149,435111,11627,684259,17412
putnam_2009_a2,2009,reviewed_accepted,Opus 5,Opus 5,xhigh,1,6,1,28,0,977,2.085900000,1.232708000,3.318608000,44,59780,1195071,35613,38,35369,893856,17276,2184158,52889
putnam_2009_a3,2009,reviewed_accepted,Opus 5,Opus 5,xhigh,1,6,1,28,0,2280,1.426300000,1.871822000,3.298122000,46,39560,1154154,18135,54,51062,1422114,25995,2666990,44130
putnam_2009_a4,2009,reviewed_accepted,Opus 5,Opus 5,xhigh,1,2,1,17,0,960,1.837300000,0.873657500,2.710957500,28,49717,735170,38897,26,30598,503795,12626,1319334,51523
putnam_2009_a5,2009,reviewed_accepted,Opus 5,Opus 5,xhigh,1,21,1,64,0,7154,6.131300000,1.303751000,7.435051000,118,116941,5486009,88730,38,37934,836192,20245,6477232,108975
putnam_2009_b1,2009,reviewed_accepted,Opus 5,Opus 5,xhigh,1,2,1,15,0,1149,1.049400000,1.095031000,2.144431000,24,30723,486655,19950,28,32038,569772,19585,1119240,39535
putnam_2009_b2,2009,reviewed_accepted,Opus 5,Opus 5,xhigh,1,8,1,25,0,1297,1.859600000,1.247631500,3.107231500,46,46180,1120354,33497,34,37235,760423,19796,1964272,53293
putnam_2009_b3,2009,reviewed_accepted,Opus 5,Opus 5,xhigh,1,9,1,29,0,1553,2.385800000,1.193214000,3.579014000,52,58414,1344445,45166,26,41175,614868,18956,2058980,64122
putnam_2009_b4,2009,reviewed_accepted,Opus 5,Opus 5,xhigh,1,23,1,74,0,3032,6.605400000,1.527606000,8.133006000,136,122266,6093841,93405,36,50769,915672,22476,7182720,115881
putnam_2009_b5,2009,reviewed_accepted,Opus 5,Opus 5,xhigh,1,2,1,19,0,1679,1.634300000,0.953454000,2.587754000,34,42769,838348,31490,34,26961,738248,12582,1646394,44072
putnam_2009_b6,2009,reviewed_accepted,Opus 5,Opus 5,xhigh,1,7,1,28,0,2102,4.078700000,1.320919000,5.399619000,46,97271,2032183,83587,40,36798,919778,19714,3086116,103301
putnam_2010_a1,2010,reviewed_accepted,Opus 5,Opus 5,xhigh,1,11,1,35,0,3456,2.725300000,0.951019500,3.676319500,64,62120,2068209,42789,26,30005,550229,15029,2710653,57818
putnam_2010_a2,2010,reviewed_accepted,Opus 5,Opus 5,xhigh,1,3,1,25,0,1822,0.974700000,0.752367500,1.727067500,40,28459,737538,12845,28,22096,476185,11727,1264346,24572
putnam_2010_a3,2010,reviewed_accepted,Opus 5,Opus 5,xhigh,1,5,1,27,0,1082,1.052500000,0.870995000,1.923495000,46,28415,861251,13498,36,24074,650200,12199,1564022,25697
putnam_2010_a4,2010,reviewed_accepted,Opus 5,Opus 5,xhigh,1,3,1,23,0,900,1.536400000,0.978222500,2.514622500,34,41379,768289,29531,32,29791,622305,14760,1461830,44291
putnam_2010_a5,2010,reviewed_accepted,Opus 5,Opus 5,xhigh,1,4,1,29,0,1310,2.946500000,1.346496500,4.292996500,50,78656,1611276,54163,46,36306,1064563,18037,2790897,72200
putnam_2010_a6,2010,reviewed_accepted,Opus 5,Opus 5,xhigh,1,10,1,37,0,1760,3.311200000,1.162081500,4.473281500,68,75701,2260724,56940,30,36450,644413,19009,3017386,75949
putnam_2010_b1,2010,reviewed_accepted,Opus 5,Opus 5,xhigh,1,2,1,19,0,916,0.925100000,0.856501500,1.781601500,24,28070,475873,16254,32,23718,622373,12319,1150090,28573
putnam_2010_b2,2010,reviewed_accepted,Opus 5,Opus 5,xhigh,1,13,1,47,0,1921,3.823300000,1.470811500,5.294111500,84,85769,2864577,61318,48,41993,1141883,19188,4134354,80506
putnam_2010_b3,2010,reviewed_accepted,Opus 5,Opus 5,xhigh,1,7,1,40,0,1947,5.002400000,1.466703000,6.469103000,70,111474,3162225,92246,28,49035,729776,24453,4052608,116699
putnam_2010_b4,2010,reviewed_accepted,Opus 5,Opus 5,xhigh,1,4,2,23,0,2792,2.320800000,1.256344500,3.577144500,36,61150,1049263,47378,36,36111,798409,19834,1945005,67212
putnam_2010_b5,2010,reviewed_accepted,Opus 5,Opus 5,xhigh,1,4,1,31,0,1248,2.833000000,0.830394500,3.663394500,62,66532,1898600,48723,22,28660,415619,13435,2409495,62158
putnam_2010_b6,2010,reviewed_accepted,Opus 5,Opus 5,xhigh,1,4,1,29,0,1376,1.746500000,0.999501500,2.746001500,46,47850,1077077,29171,32,27337,609593,16847,1761935,46018
putnam_2011_a1,2011,reviewed_accepted,Opus 5,Opus 5,xhigh,1,18,1,55,0,2788,5.118200000,1.509644000,6.627844000,98,109213,4025977,80502,28,51774,753828,24594,4940918,105096
putnam_2011_a2,2011,reviewed_accepted,Opus 5,Opus 5,xhigh,1,7,1,29,0,1176,1.348100000,0.847479000,2.195579000,50,32820,1062028,19546,26,29153,500238,12228,1624315,31774
putnam_2011_a3,2011,reviewed_accepted,Opus 5,Opus 5,xhigh,1,12,1,43,0,3896,5.048900000,1.565017500,6.613917500,78,111614,3478509,87725,36,52998,1047765,20439,4691000,108164
putnam_2011_a4,2011,reviewed_accepted,Opus 5,Opus 5,xhigh,1,12,1,39,0,1707,2.738600000,1.331694000,4.070294000,70,63428,1964320,44872,44,37429,1012868,18030,3078159,62902
putnam_2011_a5,2011,reviewed_accepted,Opus 5,Opus 5,xhigh,1,17,1,55,0,2786,7.905600000,1.888914500,9.794514500,98,163713,6253570,125646,36,68743,1085559,26341,7571719,151987
putnam_2011_a6,2011,reviewed_accepted,Opus 5,Opus 5,xhigh,1,13,1,50,0,4493,6.608900000,1.241482500,7.850382500,88,157744,4098758,119264,30,47061,704995,16729,5008676,135993
putnam_2011_b1,2011,reviewed_accepted,Opus 5,Opus 5,xhigh,1,4,1,19,0,1003,1.344300000,0.916717000,2.261017000,32,36493,691602,25335,38,24547,717164,12499,1469876,37834
putnam_2011_b2,2011,reviewed_accepted,Opus 5,Opus 5,xhigh,1,14,1,39,0,2964,4.009100000,2.790274500,6.799374500,72,101872,2744352,64712,60,70229,2069719,42113,4986304,106825
putnam_2011_b3,2011,reviewed_accepted,Opus 5,Opus 5,xhigh,1,6,1,23,0,769,1.156100000,1.488760500,2.644860500,40,31170,786981,18027,44,44448,1023921,21284,1886604,39311
putnam_2011_b4,2011,reviewed_accepted,Opus 5,Opus 5,xhigh,1,12,1,49,0,2797,3.510700000,1.141799000,4.652499000,84,77149,2924501,51060,28,34116,586898,20282,3622776,71342
putnam_2011_b5,2011,reviewed_accepted,Opus 5,Opus 5,xhigh,1,12,1,49,0,2293,4.216800000,1.639585000,5.856385000,88,93744,3352129,64116,46,48325,1287810,20488,4782142,84604
putnam_2011_b6,2011,reviewed_accepted,Opus 5,Opus 5,xhigh,1,18,1,51,0,2756,6.989800000,1.244147000,8.233947000,96,140956,5461435,113963,36,40913,846924,16455,6490360,130418
putnam_2012_a1,2012,reviewed_accepted,Opus 5,Opus 5,xhigh,1,2,1,15,0,900,0.593500000,1.084526500,1.678026500,26,18625,417370,7936,48,26331,891103,15017,1353503,22953
putnam_2012_a2,2012,reviewed_accepted,Opus 5,Opus 5,xhigh,1,1,1,8,0,998,0.301000000,0.528620000,0.829620000,14,13021,203898,2749,24,15948,369090,7379,601995,10128
putnam_2012_a3,2012,reviewed_accepted,Opus 5,Opus 5,xhigh,1,5,1,25,0,1305,1.683900000,0.943486000,2.627386000,40,44162,919740,31290,30,28584,582842,14643,1575398,45933
putnam_2012_a4,2012,reviewed_accepted,Opus 5,Opus 5,xhigh,1,13,1,54,0,2485,4.791600000,1.164107000,5.955707000,92,100185,3660331,78363,24,38868,550814,19996,4350314,98359
putnam_2012_a5,2012,reviewed_accepted,Opus 5,Opus 5,xhigh,1,12,1,43,0,2304,5.593000000,1.597514000,7.190514000,76,127011,3517984,102540,46,45641,1175298,22129,4866056,124669
putnam_2012_a6,2012,reviewed_accepted,Opus 5,Opus 5,xhigh,1,19,1,60,0,3744,11.371100000,1.268951000,12.640051000,112,213865,9413565,181003,34,38272,792222,19598,10458070,200601
putnam_2012_b1,2012,reviewed_accepted,Opus 5,Opus 5,xhigh,1,2,1,9,0,908,0.593800000,0.838743500,1.432543500,18,20946,337118,8626,34,22167,674657,11183,1054940,19809
putnam_2012_b3,2012,reviewed_accepted,Opus 5,Opus 5,xhigh,1,4,1,28,0,914,1.296200000,0.759619500,2.055819500,44,35669,954149,18488,28,22381,498589,11455,1510860,29943
putnam_2012_b4,2012,reviewed_accepted,Opus 5,Opus 5,xhigh,1,5,1,28,0,803,1.738100000,0.929822500,2.667922500,50,46225,1274698,25531,36,24837,751545,12220,2097391,37751
putnam_2012_b5,2012,reviewed_accepted,Opus 5,Opus 5,xhigh,1,6,1,34,0,2368,2.366400000,1.214642500,3.581042500,58,55467,1550496,41449,36,34502,739435,19989,2379994,61438
putnam_2012_b6,2012,reviewed_accepted,Opus 5,Opus 5,xhigh,1,9,1,57,0,2966,8.717400000,1.550355000,10.267755000,106,179629,7017259,136478,46,51088,1169140,18187,8417268,154665
putnam_2013_a2,2013,reviewed_accepted,Opus 5,Opus 5,xhigh,1,15,1,55,0,2666,4.613000000,1.727797500,6.340797500,96,90227,3901789,70373,48,49503,1247155,24358,5288818,94731
putnam_2013_a3,2013,reviewed_accepted,Opus 5,Opus 5,xhigh,1,12,1,41,0,1172,2.552500000,0.854478500,3.406978500,74,61408,2107998,35362,24,26794,456237,14332,2652535,49694
putnam_2013_a4,2013,reviewed_accepted,Opus 5,Opus 5,xhigh,1,9,1,31,0,1802,2.664000000,1.421529500,4.085529500,56,63926,1604604,48887,36,41405,856849,23155,2566876,72042
putnam_2013_a5,2013,reviewed_accepted,Opus 5,Opus 5,xhigh,1,27,1,80,0,5526,12.577200000,2.457255000,15.034455000,160,224413,11577337,181746,68,63032,2339740,26269,14204750,208015
putnam_2013_a6,2013,reviewed_accepted,Opus 5,Opus 5,xhigh,1,6,1,23,2,12672,19.191800000,1.591106500,20.782906500,50,228731,2248537,631200,50,46289,1216283,20793,3739940,651993
putnam_2013_b1,2013,reviewed_accepted,Opus 5,Opus 5,xhigh,1,1,1,17,0,615,1.003900000,0.875474500,1.879374500,22,30890,380575,20183,28,26099,497189,14630,934803,34813
putnam_2013_b2,2013,reviewed_accepted,Opus 5,Opus 5,xhigh,1,5,1,21,0,1767,1.523900000,0.747599500,2.271499500,42,40228,890391,27047,28,21964,491789,11277,1444442,38324
putnam_2013_b3,2013,reviewed_accepted,Opus 5,Opus 5,xhigh,1,2,1,16,0,985,1.181600000,0.879644000,2.061244000,32,32515,633087,21590,32,25211,604548,13004,1295425,34594
putnam_2013_b4,2013,reviewed_accepted,Opus 5,Opus 5,xhigh,1,4,1,37,0,1388,1.983200000,1.044911000,3.028111000,68,53045,1503265,28030,36,29399,698632,16057,2284445,44087
putnam_2013_b5,2013,reviewed_accepted,Opus 5,Opus 5,xhigh,1,14,1,54,0,3278,8.773400000,1.320773000,10.094173000,100,184216,6611235,145004,30,44296,753126,20044,7593003,165048
putnam_2014_a1,2014,reviewed_accepted,Opus 5,Opus 5,xhigh,1,10,1,38,1,2484,3.583800000,2.286448000,5.870248000,66,123101,2070901,52680,70,53120,1924696,31702,4171954,84382
putnam_2014_a2,2014,reviewed_accepted,Opus 5,Opus 5,xhigh,1,4,1,21,0,2260,1.728100000,1.783427000,3.511527000,36,43482,909682,33531,52,45229,1365704,25921,2364185,59452
putnam_2014_a3,2014,reviewed_accepted,Opus 5,Opus 5,xhigh,1,7,1,27,0,1157,1.316900000,0.860720000,2.177620000,44,33434,945889,20376,28,25829,506780,13956,1512004,34332
putnam_2014_a4,2014,reviewed_accepted,Opus 5,Opus 5,xhigh,1,11,1,35,0,1532,2.116800000,0.988405000,3.105205000,64,53134,1619308,31021,28,29241,534810,17138,2236585,48159
putnam_2014_a5,2014,reviewed_accepted,Opus 5,Opus 5,xhigh,1,11,1,47,0,4089,7.303400000,2.096765500,9.400165500,86,147309,5497329,123250,2,875,75964,70,5721565,123320
putnam_2014_a6,2014,reviewed_accepted,Opus 5,Opus 5,xhigh,1,7,1,26,0,1186,1.495700000,0.934012000,2.429712000,48,39487,1038381,23255,32,27054,581524,14902,1686526,38157
putnam_2014_b1,2014,reviewed_accepted,Opus 5,Opus 5,xhigh,1,8,1,29,0,2028,2.108500000,1.162212500,3.270712500,56,53600,1451076,33868,32,37471,693685,17620,2235920,51488
putnam_2014_b2,2014,reviewed_accepted,Opus 5,Opus 5,xhigh,1,5,1,32,0,1468,3.099800000,0.942130500,4.041930500,54,79865,1782981,56374,24,31798,472761,15506,2367483,71880
putnam_2014_b3,2014,reviewed_accepted,Opus 5,Opus 5,xhigh,1,9,1,40,0,3571,2.834700000,1.541759500,4.376459500,66,72909,1979730,44618,40,45595,1026669,22891,3125009,67509
putnam_2014_b4,2014,reviewed_accepted,Opus 5,Opus 5,xhigh,1,19,1,61,0,4638,6.196300000,1.314104500,7.510404500,112,118698,5330493,93740,36,36947,883309,20112,6369595,113852
putnam_2014_b6,2014,reviewed_accepted,Opus 5,Opus 5,xhigh,1,17,1,49,0,4611,9.395800000,1.883508500,11.279308500,98,207719,6401392,164698,38,61966,1271717,25112,7942930,189810
putnam_2015_a1,2015,reviewed_accepted,Opus 5,Opus 5,xhigh,1,19,1,58,0,2659,4.572200000,0.944393000,5.516593000,106,96717,4088725,62407,24,32616,493226,14860,4711414,77267
putnam_2015_a2,2015,reviewed_accepted,Opus 5,Opus 5,xhigh,1,1,1,7,0,1407,0.919700000,1.113148500,2.032848500,14,29722,251700,19861,40,30598,784887,16581,1096961,36442
putnam_2015_a3,2015,reviewed_accepted,Opus 5,Opus 5,xhigh,1,13,1,46,0,1652,3.815100000,0.801130500,4.616230500,84,84624,3069336,57351,26,24258,452841,13280,3631169,70631
putnam_2015_a4,2015,reviewed_accepted,Opus 5,Opus 5,xhigh,1,16,1,57,0,3481,5.610800000,1.631592000,7.242392000,102,112844,4524279,88788,44,47595,1113244,23952,5798108,112740
putnam_2015_a5,2015,reviewed_accepted,Opus 5,Opus 5,xhigh,1,10,1,34,0,1505,3.360400000,1.341372500,4.701772500,60,78463,1988638,63245,28,40579,654985,24318,2762753,87563
putnam_2015_a6,2015,reviewed_accepted,Opus 5,Opus 5,xhigh,1,6,1,22,0,1451,2.215400000,0.632531500,2.847931500,40,59095,1088020,43209,22,20819,379213,9385,1547209,52594
putnam_2015_b1,2015,reviewed_accepted,Opus 5,Opus 5,xhigh,1,6,1,26,0,2129,1.649600000,1.152968000,2.802568000,44,40938,1093449,27732,40,31100,894386,15783,2059957,43515
putnam_2015_b2,2015,reviewed_accepted,Opus 5,Opus 5,xhigh,1,8,1,28,0,1580,3.180600000,1.238075000,4.418675000,48,77662,1578035,64587,36,38317,837950,17430,2532048,82017
putnam_2015_b3,2015,reviewed_accepted,Opus 5,Opus 5,xhigh,1,11,1,35,0,3004,2.505700000,1.273986500,3.779686500,70,53747,2066794,37381,30,41522,746783,19409,2908946,56790
putnam_2015_b4,2015,reviewed_accepted,Opus 5,Opus 5,xhigh,2,24,2,70,0,6299,5.439900000,1.674806000,7.114706000,130,104187,5274954,70395,42,55181,955372,25804,6389866,96199
putnam_2015_b5,2015,reviewed_accepted,Opus 5,Opus 5,xhigh,1,46,1,155,0,7409,28.660800000,2.831907000,31.492707000,296,379699,35018838,294115,88,84885,2267784,33949,37751590,328064
putnam_2015_b6,2015,reviewed_accepted,Opus 5,Opus 5,xhigh,1,18,1,64,0,2589,8.099000000,1.425235000,9.524235000,116,157444,6642900,128102,34,49772,915190,18790,7765456,146892
putnam_2016_a1,2016,reviewed_accepted,Opus 5,Opus 5,xhigh,1,7,1,27,0,753,1.043400000,0.460010000,1.503410000,48,26489,916996,12789,18,14017,269100,7408,1226668,20197
putnam_2016_a2,2016,reviewed_accepted,Opus 5,Opus 5,xhigh,1,7,1,28,0,2633,3.253300000,1.309469500,4.562769500,50,82691,1673344,63577,30,39013,708379,22600,2503507,86177
putnam_2016_a3,2016,reviewed_accepted,Opus 5,Opus 5,xhigh,1,7,1,30,0,1906,2.431400000,1.279344500,3.710744500,56,56346,1724050,40227,30,40925,718739,20423,2540146,60650
putnam_2016_a5,2016,reviewed_accepted,Opus 5,Opus 5,xhigh,1,8,1,28,0,1790,1.917400000,1.315208500,3.232608500,50,46600,1200319,34038,38,37769,827657,20940,2112433,54978
putnam_2016_a6,2016,reviewed_accepted,Opus 5,Opus 5,xhigh,1,13,1,42,0,3314,8.080800000,1.851862500,9.932662500,84,167040,5668779,143022,34,64316,1105565,26230,7005818,169252
putnam_2016_b1,2016,reviewed_accepted,Opus 5,Opus 5,xhigh,1,2,1,20,0,1267,0.838100000,0.645349000,1.483449000,32,25323,578313,11823,32,16831,520608,8663,1141139,20486
putnam_2016_b2,2016,reviewed_accepted,Opus 5,Opus 5,xhigh,1,17,1,60,0,3512,8.146800000,2.239886000,10.386686000,120,170123,5991928,137961,42,66006,1332382,36537,7560601,174498
putnam_2016_b3,2016,reviewed_accepted,Opus 5,Opus 5,xhigh,1,21,1,64,0,4405,6.901600000,1.320332000,8.221932000,116,142854,5461137,109678,32,39389,768664,21678,6412192,131356
putnam_2016_b4,2016,reviewed_accepted,Opus 5,Opus 5,xhigh,1,22,1,63,0,3388,9.648500000,1.218923000,10.867423000,108,194253,7117321,165870,36,40376,879616,15007,8231710,180877
putnam_2016_b5,2016,reviewed_accepted,Opus 5,Opus 5,xhigh,1,8,1,31,0,1946,5.135100000,0.935994500,6.071094500,56,121680,2811603,100490,22,30035,467369,16074,3430765,116564
putnam_2016_b6,2016,reviewed_accepted,Opus 5,Opus 5,xhigh,1,7,1,33,0,1921,2.610100000,1.379094500,3.989194500,58,68551,1861475,39742,30,46643,790679,20687,2767436,60429
putnam_2017_a1,2017,reviewed_accepted,Opus 5,Opus 5,xhigh,1,2,1,15,0,633,1.311100000,1.125198500,2.436298500,24,37769,529917,26735,30,36207,603807,18443,1207754,45178
putnam_2017_a2,2017,reviewed_accepted,Opus 5,Opus 5,xhigh,1,8,1,29,0,1227,1.444800000,1.036447000,2.481247000,50,35694,1046414,22577,34,30698,662044,15931,1774934,38508
putnam_2017_a3,2017,reviewed_accepted,Opus 5,Opus 5,xhigh,1,3,1,22,0,2186,2.970000000,1.347448500,4.317448500,38,75789,1343986,61599,44,40364,1058777,16568,2518998,78167
putnam_2017_a4,2017,reviewed_accepted,Opus 5,Opus 5,xhigh,1,3,1,25,0,1305,1.995500000,1.173086500,3.168586500,32,54389,869748,40663,38,31823,813833,17910,1769863,58573
putnam_2017_b1,2017,reviewed_accepted,Opus 5,Opus 5,xhigh,1,12,1,40,0,2485,3.125600000,1.034501500,4.160101500,74,72368,2439176,47278,32,30600,629883,16536,3172133,63814
putnam_2017_b2,2017,reviewed_accepted,Opus 5,Opus 5,xhigh,1,1,1,15,0,768,1.458600000,1.176142000,2.634742000,22,42481,466728,32013,30,35556,623514,20347,1168331,52360
putnam_2017_b3,2017,reviewed_accepted,Opus 5,Opus 5,xhigh,1,10,1,38,0,2235,3.557500000,1.149438500,4.706938500,66,81502,2508295,59521,28,37906,591977,18970,3219774,78491
putnam_2017_b4,2017,reviewed_accepted,Opus 5,Opus 5,xhigh,1,10,1,38,0,3093,4.412800000,1.353764500,5.766564500,64,104961,2769677,79121,38,40307,973259,18555,3888306,97676
putnam_2017_b6,2017,reviewed_accepted,Opus 5,Opus 5,xhigh,1,24,1,68,0,6016,9.107800000,1.784328500,10.892128500,130,162305,8416248,131038,38,55736,1123907,26593,9758364,157631
putnam_2018_a1,2018,reviewed_accepted,Opus 5,Opus 5,xhigh,1,6,1,18,0,1514,1.182000000,0.876437500,2.058437500,36,32955,724721,19595,26,25891,472295,15250,1255924,34845
putnam_2018_a2,2018,reviewed_accepted,Opus 5,Opus 5,xhigh,1,16,1,49,1,4115,5.359300000,1.106581000,6.465881000,80,187212,3243208,74607,30,35631,660742,16790,4126903,91397
putnam_2018_a3,2018,reviewed_accepted,Opus 5,Opus 5,xhigh,1,4,1,30,0,1224,2.689200000,0.813157500,3.502357500,50,70907,1367439,51845,28,26464,529605,11343,1994493,63188
putnam_2018_a4,2018,reviewed_accepted,Opus 5,Opus 5,xhigh,1,16,1,49,0,3567,5.657400000,1.357614500,7.015014500,88,121905,4016167,97192,34,45060,823589,19802,5006843,116994
putnam_2018_a5,2018,reviewed_accepted,Opus 5,Opus 5,xhigh,1,12,1,45,0,1309,2.790800000,0.882098500,3.672898500,80,64640,2290455,39952,26,27209,469207,15011,2851617,54963
putnam_2018_a6,2018,reviewed_accepted,Opus 5,Opus 5,xhigh,1,17,1,62,0,4139,4.759100000,1.157313500,5.916413500,116,91772,4550060,62629,36,34058,770707,17248,5446749,79877
putnam_2018_b1,2018,reviewed_accepted,Opus 5,Opus 5,xhigh,1,12,1,37,0,3224,4.539200000,1.692830000,6.232030000,74,97564,3234384,77838,38,52187,1055390,25723,4439637,103561
putnam_2018_b2,2018,reviewed_accepted,Opus 5,Opus 5,xhigh,1,6,1,26,0,1474,1.338800000,0.724113500,2.062913500,46,34230,914515,21562,26,22539,455587,10832,1426943,32394
putnam_2018_b3,2018,reviewed_accepted,Opus 5,Opus 5,xhigh,1,2,1,17,0,951,2.267300000,1.040453000,3.307753000,28,64790,789851,48973,26,31416,596976,17107,1483087,66080
putnam_2018_b4,2018,reviewed_accepted,Opus 5,Opus 5,xhigh,1,2,1,20,0,1538,2.688400000,0.969389000,3.657789000,32,70437,1054039,58273,26,31674,545588,15189,1701796,73462
putnam_2018_b5,2018,reviewed_accepted,Opus 5,Opus 5,xhigh,1,9,1,30,0,1261,1.434400000,1.270790500,2.705190500,52,34277,1120926,21238,34,35785,711241,22286,1902315,43524
putnam_2018_b6,2018,reviewed_accepted,Opus 5,Opus 5,xhigh,1,8,1,31,0,1068,1.461900000,0.749763000,2.211663000,52,36255,1097081,22023,20,26084,348296,12587,1507788,34610
putnam_2019_a1,2019,reviewed_accepted,Opus 5,Opus 5,xhigh,1,1,1,12,0,611,0.808100000,0.838979000,1.647079000,20,25219,360466,15025,32,23471,558968,12985,968176,28010
putnam_2019_a3,2019,reviewed_accepted,Opus 5,Opus 5,xhigh,1,20,1,61,0,4376,4.495000000,1.155218000,5.650218000,112,89039,4043255,63296,26,39639,579446,18759,4751517,82055
putnam_2019_a4,2019,reviewed_accepted,Opus 5,Opus 5,xhigh,1,21,1,68,0,4975,9.075200000,1.562101500,10.637301500,118,180266,7398447,142909,28,58644,806543,22890,8444046,165799
putnam_2019_a5,2019,reviewed_accepted,Opus 5,Opus 5,xhigh,1,6,1,24,0,2210,2.681300000,1.280307500,3.961607500,42,69389,1203918,55410,36,36813,777095,20938,2087293,76348
putnam_2019_a6,2019,reviewed_accepted,Opus 5,Opus 5,xhigh,1,11,1,37,0,1619,3.273200000,0.999654500,4.272854500,64,78710,1885754,61716,22,36727,445249,16386,2446526,78102
putnam_2019_b1,2019,reviewed_accepted,Opus 5,Opus 5,xhigh,1,24,1,66,1,7255,13.829900000,1.735354000,15.565254000,124,409554,9710357,195143,46,66371,1447728,13902,11634180,209045
putnam_2019_b2,2019,reviewed_accepted,Opus 5,Opus 5,xhigh,1,14,1,50,0,2075,4.093100000,1.358962500,5.452062500,90,89627,3149985,64855,38,39411,877875,21029,4157026,85884
putnam_2019_b3,2019,reviewed_accepted,Opus 5,Opus 5,xhigh,1,5,1,21,0,1393,1.907100000,0.922089000,2.829189000,38,48607,1003521,36763,34,27317,646048,13029,1725565,49792
putnam_2019_b4,2019,reviewed_accepted,Opus 5,Opus 5,xhigh,1,17,1,63,0,2536,6.432300000,1.711448500,8.143748500,118,127698,5207814,102032,34,61616,979737,24210,6377017,126242
putnam_2019_b5,2019,reviewed_accepted,Opus 5,Opus 5,xhigh,1,11,1,44,0,1612,4.314100000,1.329099000,5.643199000,74,97758,2895874,75529,36,41040,846138,19818,3880920,95347
putnam_2019_b6,2019,reviewed_accepted,Opus 5,Opus 5,xhigh,1,7,1,27,1,6169,2.602100000,1.955068000,4.557168000,46,99467,1349524,37299,52,53640,1584216,25052,3086945,62351
putnam_2020_a1,2020,reviewed_accepted,Opus 5,Opus 5,xhigh,1,2,1,30,0,1696,2.891100000,1.635739500,4.526839500,40,76743,1445333,56034,34,51565,890189,26993,2463904,83027
putnam_2020_a2,2020,reviewed_accepted,Opus 5,Opus 5,xhigh,1,2,1,17,0,685,1.091900000,0.705600000,1.797500000,26,32066,486231,21120,26,20998,452230,10775,991577,31895
putnam_2020_a3,2020,reviewed_accepted,Opus 5,Opus 5,xhigh,1,3,1,23,0,1785,1.461700000,1.183752000,2.645452000,38,40225,844348,25484,42,33231,874064,16568,1791948,42052
putnam_2020_a5,2020,reviewed_accepted,Opus 5,Opus 5,xhigh,1,10,1,36,0,3339,4.660800000,1.713279500,6.374079500,66,108858,2716875,88539,36,54255,981149,27199,3861239,115738
putnam_2020_a6,2020,reviewed_accepted,Opus 5,Opus 5,xhigh,1,22,1,63,0,4051,6.160300000,1.506774500,7.667074500,118,117288,5310254,93270,40,46750,1017899,21205,6492349,114475
putnam_2020_b1,2020,reviewed_accepted,Opus 5,Opus 5,xhigh,1,11,1,42,0,1837,2.886000000,0.818174000,3.704174000,84,66535,2223374,44342,22,24303,392218,15157,2706536,59499
putnam_2020_b4,2020,reviewed_accepted,Opus 5,Opus 5,xhigh,1,2,1,22,0,1694,3.764600000,1.499000000,5.263600000,36,95388,1488865,82643,32,51146,873260,22030,2508727,104673
putnam_2020_b5,2020,reviewed_accepted,Opus 5,Opus 5,xhigh,1,5,1,22,0,1556,1.940700000,0.963990000,2.904690000,36,52189,967353,37399,28,33976,636380,12236,1689962,49635
putnam_2020_b6,2020,reviewed_accepted,Opus 5,Opus 5,xhigh,1,11,1,37,0,2406,6.529100000,1.205622000,7.734722000,68,136563,4254994,121425,24,39888,595894,20347,5027431,141772
putnam_2021_a1,2021,reviewed_accepted,Opus 5,Opus 5,xhigh,1,5,1,24,0,2069,1.837500000,0.982930000,2.820430000,40,49215,981644,34173,30,33180,586860,14302,1650969,48475
putnam_2021_a2,2021,reviewed_accepted,Opus 5,Opus 5,xhigh,1,5,1,26,0,2204,1.874900000,0.976452000,2.851352000,46,49833,973366,35585,32,27630,619334,15613,1670241,51198
putnam_2021_a3,2021,reviewed_accepted,Opus 5,Opus 5,xhigh,1,9,1,41,0,1718,4.318400000,1.077112500,5.395512500,70,100640,2713962,78187,30,34031,633555,16795,3482288,94982
putnam_2021_a4,2021,reviewed_accepted,Opus 5,Opus 5,xhigh,1,35,1,97,1,6618,15.160400000,1.710552500,16.870952500,180,401217,13443702,177018,32,60016,956265,25284,14861412,202302
putnam_2021_a5,2021,reviewed_accepted,Opus 5,Opus 5,xhigh,1,13,1,42,0,1781,3.517700000,1.418187500,4.935887500,72,80512,2460175,59284,34,42644,780105,24061,3363542,83345
putnam_2021_a6,2021,reviewed_accepted,Opus 5,Opus 5,xhigh,1,9,1,31,0,5078,10.414500000,2.115814500,12.530314500,58,184088,3734714,268238,58,54630,1853099,25707,5826647,293945
putnam_2021_b2,2021,reviewed_accepted,Opus 5,Opus 5,xhigh,1,13,1,48,0,2245,5.233300000,1.164715000,6.398015000,86,116435,3978695,83165,30,35754,712850,18024,4843850,101189
putnam_2021_b3,2021,reviewed_accepted,Opus 5,Opus 5,xhigh,1,18,1,55,0,2201,4.189500000,1.302396500,5.491896500,102,91708,3331945,64239,28,45207,647973,21048,4116963,85287
putnam_2021_b4,2021,reviewed_accepted,Opus 5,Opus 5,xhigh,1,17,1,55,1,7249,5.526800000,1.135246000,6.662046000,98,185707,3706265,72645,30,33754,673462,18433,4599316,91078
putnam_2021_b5,2021,reviewed_accepted,Opus 5,Opus 5,xhigh,1,10,1,35,0,2358,5.258100000,1.758328000,7.016428000,60,123119,2864978,103765,54,46252,1399426,23833,4433889,127598
putnam_2022_a1,2022,reviewed_accepted,Opus 5,Opus 5,xhigh,1,12,1,44,0,1842,4.723800000,1.028913000,5.752713000,76,104020,3207052,83186,22,35994,453026,17694,3800190,100880
putnam_2022_a2,2022,reviewed_accepted,Opus 5,Opus 5,xhigh,1,6,1,47,0,1855,4.648700000,1.194386500,5.843086500,82,102594,3381817,73963,26,43259,613883,18189,4141661,92152
putnam_2022_a3,2022,reviewed_accepted,Opus 5,Opus 5,xhigh,1,5,1,28,0,1490,3.879600000,1.402628500,5.282228500,56,89530,2426805,70823,32,45222,751447,22981,3313092,93804
putnam_2022_a4,2022,reviewed_accepted,Opus 5,Opus 5,xhigh,1,20,1,86,0,3511,7.634400000,1.522017000,9.156417000,122,158451,6630154,109368,40,45199,1003104,22731,7837070,132099
putnam_2022_a5,2022,reviewed_accepted,Opus 5,Opus 5,xhigh,1,45,1,111,1,10225,26.279600000,2.412716000,28.692316000,216,416166,28118886,322298,30,78866,1153512,41886,29767676,364184
putnam_2022_a6,2022,reviewed_accepted,Opus 5,Opus 5,xhigh,1,48,1,126,0,9595,29.902700000,2.763891500,32.666591500,246,416392,33662043,356263,84,88277,2272203,29784,36439245,386047
putnam_2022_b1,2022,reviewed_accepted,Opus 5,Opus 5,xhigh,1,15,1,55,0,1885,4.197200000,0.840897000,5.038097000,96,95505,3514613,59376,26,29796,486464,11983,4126500,71359
putnam_2022_b2,2022,reviewed_accepted,Opus 5,Opus 5,xhigh,1,13,1,47,0,2348,5.794800000,1.374626000,7.169426000,84,132969,3961465,99357,34,44446,874192,19716,5013190,119073
putnam_2022_b3,2022,reviewed_accepted,Opus 5,Opus 5,xhigh,1,1,1,8,0,770,1.629500000,0.813818000,2.443318000,14,49408,308434,39247,28,23376,520236,12792,901496,52039
putnam_2022_b4,2022,reviewed_accepted,Opus 5,Opus 5,xhigh,1,10,2,34,0,3708,7.993300000,1.322007000,9.315307000,68,164741,5033254,153158,32,39748,729584,22383,5967427,175541
putnam_2022_b5,2022,reviewed_accepted,Opus 5,Opus 5,xhigh,1,15,1,50,0,2633,7.646400000,1.553180500,9.199580500,94,161802,5830995,124496,38,47765,939531,24223,6980225,148719
putnam_2022_b6,2022,reviewed_accepted,Opus 5,Opus 5,xhigh,1,15,1,55,0,5417,13.657900000,1.149596000,14.807496000,112,194705,8735389,293703,24,55284,597072,11924,9582586,305627
putnam_2023_a1,2023,reviewed_accepted,Opus 5,Opus 5,xhigh,1,2,1,18,0,1029,1.635600000,2.093358000,3.728958000,28,45550,636913,34462,48,56414,1434806,32463,2173759,66925
putnam_2023_a2,2023,reviewed_accepted,Opus 5,Opus 5,xhigh,1,13,1,41,0,2116,4.502400000,1.113325000,5.615725000,76,100659,2987958,80060,34,32713,707950,17282,3829390,97342
putnam_2023_a3,2023,reviewed_accepted,Opus 5,Opus 5,xhigh,1,6,1,28,0,1055,2.430000000,1.158830000,3.588830000,46,61427,1271314,47194,30,36284,640330,19027,2009431,66221
putnam_2023_a4,2023,reviewed_accepted,Opus 5,Opus 5,xhigh,1,10,1,37,0,1299,2.910900000,0.903568000,3.814468000,68,71110,2037342,47231,28,28529,544626,13833,2681703,61064
putnam_2023_a5,2023,reviewed_accepted,Opus 5,Opus 5,xhigh,1,14,1,48,0,3253,7.890900000,2.418318500,10.309218500,90,171186,4998687,147170,54,78133,1714587,31177,6962737,178347
putnam_2023_a6,2023,reviewed_accepted,Opus 5,Opus 5,xhigh,1,2,1,16,0,1119,0.666500000,1.082208500,1.748708500,26,20737,440252,9554,40,29583,756057,16326,1246695,25880
putnam_2023_b1,2023,reviewed_accepted,Opus 5,Opus 5,xhigh,1,14,1,43,0,3157,5.624400000,2.051821000,7.676221000,76,121377,3658779,103233,48,54576,1441742,31398,5276598,134631
putnam_2023_b2,2023,reviewed_accepted,Opus 5,Opus 5,xhigh,1,8,1,28,0,1121,1.612400000,1.269102000,2.881502000,50,38781,1141415,25192,32,39387,734294,20317,1953959,45509
putnam_2023_b3,2023,reviewed_accepted,Opus 5,Opus 5,xhigh,1,35,1,106,1,7707,13.075200000,2.161961000,15.237161000,192,278912,12796038,155486,30,69962,1101782,36452,14246916,191938
putnam_2023_b4,2023,reviewed_accepted,Opus 5,Opus 5,xhigh,1,16,1,51,0,4660,8.890500000,1.975091000,10.865591000,96,188132,6043873,159472,36,66193,1186212,28795,7484542,188267
putnam_2023_b5,2023,reviewed_accepted,Opus 5,Opus 5,xhigh,1,22,1,76,0,4583,14.178300000,1.413971000,15.592271000,142,258661,12228019,219078,28,48151,753992,22213,13288993,241291
putnam_2023_b6,2023,reviewed_accepted,Opus 5,Opus 5,xhigh,1,35,1,104,0,3620,14.879900000,1.394772000,16.274672000,202,238681,15802074,183641,32,47312,839034,20079,16927335,203720
putnam_2024_a1,2024,reviewed_accepted,Opus 5,Opus 5,xhigh,1,5,1,16,0,967,1.318100000,0.931477000,2.249577000,32,34072,704762,24992,22,30730,421234,16538,1190852,41530
putnam_2024_a2,2024,reviewed_accepted,Opus 5,Opus 5,xhigh,1,12,1,39,0,2295,2.395900000,0.875169500,3.271069500,70,53499,1973367,34954,24,25506,435729,16085,2488195,51039
putnam_2024_a3,2024,reviewed_accepted,Opus 5,Opus 5,xhigh,1,24,1,72,0,3989,13.998100000,1.881477500,15.879577500,138,241722,12538551,212437,38,60854,1192495,27060,14033798,239497
putnam_2024_a4,2024,reviewed_accepted,Opus 5,Opus 5,xhigh,1,7,1,24,0,3142,2.993300000,1.513676000,4.506976000,44,71585,1563429,59821,36,45657,994702,22383,2675453,82204
putnam_2024_a5,2024,reviewed_accepted,Opus 5,Opus 5,xhigh,1,23,1,67,0,5918,11.857100000,2.458091000,14.315191000,128,223756,9821968,188316,36,91017,1538532,31139,11675437,219455
putnam_2024_a6,2024,reviewed_accepted,Opus 5,Opus 5,xhigh,1,29,1,78,0,4216,11.250400000,1.142050500,12.392450500,146,202356,10128472,166473,26,39790,589141,17978,10959931,184451
putnam_2024_b1,2024,reviewed_accepted,Opus 5,Opus 5,xhigh,1,12,1,37,0,1304,2.549100000,1.800882500,4.349982500,74,56882,2035451,38487,40,48819,1079685,30906,3220951,69393
putnam_2024_b3,2024,reviewed_accepted,Opus 5,Opus 5,xhigh,1,14,1,45,0,1729,4.317300000,1.437101500,5.754401500,82,96061,3057203,73107,38,44600,859573,22445,4057557,95552
putnam_2024_b4,2024,reviewed_accepted,Opus 5,Opus 5,xhigh,1,23,1,77,1,3411,8.436400000,1.795196500,10.231596500,142,169736,7628291,116966,40,58382,1102553,26396,8959144,143362
putnam_2024_b5,2024,reviewed_accepted,Opus 5,Opus 5,xhigh,1,16,1,53,0,4696,12.800500000,4.663070500,17.463570500,100,191339,7695670,281551,4,3131,211633,639,8101877,282190
putnam_2024_b6,2024,reviewed_accepted,Opus 5,Opus 5,xhigh,1,24,1,73,0,4852,10.221400000,3.323414500,13.544814500,140,190508,9121633,150194,66,84194,2614339,46959,12010880,197153
putnam_2025_a1,2025,reviewed_accepted,Opus 5,Opus 5,xhigh,1,2,1,14,0,845,1.664300000,0.853733000,2.518033000,28,45393,667195,35064,28,27118,531476,12667,1271238,47731
putnam_2025_a2,2025,reviewed_accepted,Opus 5,Opus 5,xhigh,1,14,1,47,0,1326,4.728600000,1.053688500,5.782288500,94,98223,4129584,67244,24,31975,549687,18359,4809587,85603
putnam_2025_a3,2025,reviewed_accepted,Opus 5,Opus 5,xhigh,1,5,1,49,0,2353,4.521700000,2.392272000,6.913972000,92,113101,3018110,75246,68,67093,1856554,31709,5055018,106955
putnam_2025_a4,2025,reviewed_accepted,Opus 5,Opus 5,xhigh,1,8,1,25,0,1383,3.357400000,1.210176000,4.567576000,46,83330,1608878,68778,26,38724,593112,21050,2324116,89828
putnam_2025_a5,2025,reviewed_accepted,Opus 5,Opus 5,xhigh,1,33,1,101,0,5673,22.183700000,2.503294000,24.686994000,202,335302,23149534,290197,46,84717,1539888,35438,25109689,325635
putnam_2025_a6,2025,reviewed_accepted,Opus 5,Opus 5,xhigh,2,23,2,102,1,4117,14.982200000,2.022393500,17.004593500,186,392410,12469591,192899,80,60859,1644857,23639,14567983,216538
putnam_2025_b1,2025,reviewed_accepted,Opus 5,Opus 5,xhigh,1,19,1,59,0,3482,8.157100000,0.873033000,9.030133000,108,161097,6469885,132427,22,33248,429186,13034,7093546,145461
putnam_2025_b2,2025,reviewed_accepted,Opus 5,Opus 5,xhigh,1,1,1,22,0,670,1.868600000,0.817285500,2.685885500,34,55399,694331,38689,22,26483,386791,14358,1163060,53047
putnam_2025_b3,2025,reviewed_accepted,Opus 5,Opus 5,xhigh,1,3,1,24,0,2530,1.801000000,1.077991500,2.878991500,40,51063,975825,32090,36,29861,706703,17034,1763528,49124
putnam_2025_b4,2025,reviewed_accepted,Opus 5,Opus 5,xhigh,1,14,1,50,0,4241,12.627400000,1.935951500,14.563351500,92,189872,6996735,289195,48,52996,1336303,29504,8576046,318699
putnam_2025_b5,2025,reviewed_accepted,Opus 5,Opus 5,xhigh,1,28,1,103,1,4707,15.439600000,1.958228000,17.397828000,192,407943,14384825,166673,44,63183,1218456,28678,16074643,195351
putnam_2025_b6,2025,reviewed_accepted,Opus 5,Opus 5,xhigh,1,7,1,25,0,2052,5.143200000,1.405945000,6.549145000,46,121091,2380066,109680,30,50135,803790,20102,3355158,129782
